This is pdfTeX, Version 3.141592653-2.6-1.40.26 (TeX Live 2024) (preloaded format=pdflatex 2025.1.17)  21 SEP 2026 20:37
entering extended mode
 \write18 enabled.
 file:line:error style messages enabled.
 %&-line parsing enabled.
**main
(./main.tex
LaTeX2e <2024-11-01> patch level 1
L3 programming layer <2024-12-25>
(c:/texlive/2024/texmf-dist/tex/latex/beamer/beamer.cls
Document Class: beamer 2024/01/06 v3.71 A class for typesetting presentations
(c:/texlive/2024/texmf-dist/tex/latex/beamer/beamerbasemodes.sty (c:/texlive/2024/texmf-dist/tex/latex/etoolbox/etoolbox.sty
Package: etoolbox 2020/10/05 v2.5k e-TeX tools for LaTeX (JAW)
\etb@tempcnta=\count196
)
\beamer@tempbox=\box52
\beamer@tempcount=\count197
\c@beamerpauses=\count198
 (c:/texlive/2024/texmf-dist/tex/latex/beamer/beamerbasedecode.sty
\beamer@slideinframe=\count199
\beamer@minimum=\count266
\beamer@decode@box=\box53
)
\beamer@commentbox=\box54
\beamer@modecount=\count267
) (c:/texlive/2024/texmf-dist/tex/generic/iftex/iftex.sty
Package: iftex 2024/12/12 v1.0g TeX engine tests
)
\headdp=\dimen141
\footheight=\dimen142
\sidebarheight=\dimen143
\beamer@tempdim=\dimen144
\beamer@finalheight=\dimen145
\beamer@animht=\dimen146
\beamer@animdp=\dimen147
\beamer@animwd=\dimen148
\beamer@leftmargin=\dimen149
\beamer@rightmargin=\dimen150
\beamer@leftsidebar=\dimen151
\beamer@rightsidebar=\dimen152
\beamer@boxsize=\dimen153
\beamer@vboxoffset=\dimen154
\beamer@descdefault=\dimen155
\beamer@descriptionwidth=\dimen156
\beamer@lastskip=\skip49
\beamer@areabox=\box55
\beamer@animcurrent=\box56
\beamer@animshowbox=\box57
\beamer@sectionbox=\box58
\beamer@logobox=\box59
\beamer@linebox=\box60
\beamer@sectioncount=\count268
\beamer@subsubsectionmax=\count269
\beamer@subsectionmax=\count270
\beamer@sectionmax=\count271
\beamer@totalheads=\count272
\beamer@headcounter=\count273
\beamer@partstartpage=\count274
\beamer@sectionstartpage=\count275
\beamer@subsectionstartpage=\count276
\beamer@animationtempa=\count277
\beamer@animationtempb=\count278
\beamer@xpos=\count279
\beamer@ypos=\count280
\beamer@ypos@offset=\count281
\beamer@showpartnumber=\count282
\beamer@currentsubsection=\count283
\beamer@coveringdepth=\count284
\beamer@sectionadjust=\count285
\beamer@toclastsection=\count286
\beamer@tocsectionnumber=\count287
 (c:/texlive/2024/texmf-dist/tex/latex/beamer/beamerbaseoptions.sty (c:/texlive/2024/texmf-dist/tex/latex/graphics/keyval.sty
Package: keyval 2022/05/29 v1.15 key=value parser (DPC)
\KV@toks@=\toks17
))
\beamer@paperwidth=\skip50
\beamer@paperheight=\skip51
 (c:/texlive/2024/texmf-dist/tex/latex/geometry/geometry.sty
Package: geometry 2020/01/02 v5.9 Page Geometry
 (c:/texlive/2024/texmf-dist/tex/generic/iftex/ifvtex.sty
Package: ifvtex 2019/10/25 v1.7 ifvtex legacy package. Use iftex instead.
)
\Gm@cnth=\count288
\Gm@cntv=\count289
\c@Gm@tempcnt=\count290
\Gm@bindingoffset=\dimen157
\Gm@wd@mp=\dimen158
\Gm@odd@mp=\dimen159
\Gm@even@mp=\dimen160
\Gm@layoutwidth=\dimen161
\Gm@layoutheight=\dimen162
\Gm@layouthoffset=\dimen163
\Gm@layoutvoffset=\dimen164
\Gm@dimlist=\toks18
) (c:/texlive/2024/texmf-dist/tex/latex/pgf/math/pgfmath.sty (c:/texlive/2024/texmf-dist/tex/latex/pgf/utilities/pgfrcs.sty (c:/texlive/2024/texmf-dist/tex/generic/pgf/utilities/pgfutil-common.tex
\pgfutil@everybye=\toks19
\pgfutil@tempdima=\dimen165
\pgfutil@tempdimb=\dimen166
) (c:/texlive/2024/texmf-dist/tex/generic/pgf/utilities/pgfutil-latex.def
\pgfutil@abb=\box61
) (c:/texlive/2024/texmf-dist/tex/generic/pgf/utilities/pgfrcs.code.tex (c:/texlive/2024/texmf-dist/tex/generic/pgf/pgf.revision.tex)
Package: pgfrcs 2023-01-15 v3.1.10 (3.1.10)
)) (c:/texlive/2024/texmf-dist/tex/latex/pgf/utilities/pgfkeys.sty (c:/texlive/2024/texmf-dist/tex/generic/pgf/utilities/pgfkeys.code.tex
\pgfkeys@pathtoks=\toks20
\pgfkeys@temptoks=\toks21
 (c:/texlive/2024/texmf-dist/tex/generic/pgf/utilities/pgfkeyslibraryfiltered.code.tex
\pgfkeys@tmptoks=\toks22
))) (c:/texlive/2024/texmf-dist/tex/generic/pgf/math/pgfmath.code.tex (c:/texlive/2024/texmf-dist/tex/generic/pgf/math/pgfmathutil.code.tex
\pgf@x=\dimen167
\pgf@xa=\dimen168
\pgf@xb=\dimen169
\pgf@xc=\dimen170
\pgf@y=\dimen171
\pgf@ya=\dimen172
\pgf@yb=\dimen173
\pgf@yc=\dimen174
\c@pgf@counta=\count291
\c@pgf@countb=\count292
\c@pgf@countc=\count293
\c@pgf@countd=\count294
) (c:/texlive/2024/texmf-dist/tex/generic/pgf/math/pgfmathparser.code.tex
\pgfmath@dimen=\dimen175
\pgfmath@count=\count295
\pgfmath@box=\box62
\pgfmath@toks=\toks23
\pgfmath@stack@operand=\toks24
\pgfmath@stack@operation=\toks25
) (c:/texlive/2024/texmf-dist/tex/generic/pgf/math/pgfmathfunctions.code.tex) (c:/texlive/2024/texmf-dist/tex/generic/pgf/math/pgfmathfunctions.basic.code.tex) (c:/texlive/2024/texmf-dist/tex/generic/pgf/math/pgfmathfunctions.trigonometric.code.tex) (c:/texlive/2024/texmf-dist/tex/generic/pgf/math/pgfmathfunctions.random.code.tex) (c:/texlive/2024/texmf-dist/tex/generic/pgf/math/pgfmathfunctions.comparison.code.tex) (c:/texlive/2024/texmf-dist/tex/generic/pgf/math/pgfmathfunctions.base.code.tex) (c:/texlive/2024/texmf-dist/tex/generic/pgf/math/pgfmathfunctions.round.code.tex) (c:/texlive/2024/texmf-dist/tex/generic/pgf/math/pgfmathfunctions.misc.code.tex) (c:/texlive/2024/texmf-dist/tex/generic/pgf/math/pgfmathfunctions.integerarithmetics.code.tex) (c:/texlive/2024/texmf-dist/tex/generic/pgf/math/pgfmathcalc.code.tex) (c:/texlive/2024/texmf-dist/tex/generic/pgf/math/pgfmathfloat.code.tex
\c@pgfmathroundto@lastzeros=\count296
))) (c:/texlive/2024/texmf-dist/tex/latex/base/size11.clo
File: size11.clo 2024/06/29 v1.4n Standard LaTeX file (size option)
) (c:/texlive/2024/texmf-dist/tex/latex/pgf/basiclayer/pgfcore.sty (c:/texlive/2024/texmf-dist/tex/latex/graphics/graphicx.sty
Package: graphicx 2021/09/16 v1.2d Enhanced LaTeX Graphics (DPC,SPQR)
 (c:/texlive/2024/texmf-dist/tex/latex/graphics/graphics.sty
Package: graphics 2024/08/06 v1.4g Standard LaTeX Graphics (DPC,SPQR)
 (c:/texlive/2024/texmf-dist/tex/latex/graphics/trig.sty
Package: trig 2023/12/02 v1.11 sin cos tan (DPC)
) (c:/texlive/2024/texmf-dist/tex/latex/graphics-cfg/graphics.cfg
File: graphics.cfg 2016/06/04 v1.11 sample graphics configuration
)
Package graphics Info: Driver file: pdftex.def on input line 106.
 (c:/texlive/2024/texmf-dist/tex/latex/graphics-def/pdftex.def
File: pdftex.def 2024/04/13 v1.2c Graphics/color driver for pdftex
))
\Gin@req@height=\dimen176
\Gin@req@width=\dimen177
) (c:/texlive/2024/texmf-dist/tex/latex/pgf/systemlayer/pgfsys.sty (c:/texlive/2024/texmf-dist/tex/generic/pgf/systemlayer/pgfsys.code.tex
Package: pgfsys 2023-01-15 v3.1.10 (3.1.10)
\pgf@x=\dimen178
\pgf@y=\dimen179
\pgf@xa=\dimen180
\pgf@ya=\dimen181
\pgf@xb=\dimen182
\pgf@yb=\dimen183
\pgf@xc=\dimen184
\pgf@yc=\dimen185
\pgf@xd=\dimen186
\pgf@yd=\dimen187
\w@pgf@writea=\write3
\r@pgf@reada=\read2
\c@pgf@counta=\count297
\c@pgf@countb=\count298
\c@pgf@countc=\count299
\c@pgf@countd=\count300
\t@pgf@toka=\toks26
\t@pgf@tokb=\toks27
\t@pgf@tokc=\toks28
\pgf@sys@id@count=\count301
 (c:/texlive/2024/texmf-dist/tex/generic/pgf/systemlayer/pgf.cfg
File: pgf.cfg 2023-01-15 v3.1.10 (3.1.10)
)
Driver file for pgf: pgfsys-pdftex.def
 (c:/texlive/2024/texmf-dist/tex/generic/pgf/systemlayer/pgfsys-pdftex.def
File: pgfsys-pdftex.def 2023-01-15 v3.1.10 (3.1.10)
 (c:/texlive/2024/texmf-dist/tex/generic/pgf/systemlayer/pgfsys-common-pdf.def
File: pgfsys-common-pdf.def 2023-01-15 v3.1.10 (3.1.10)
))) (c:/texlive/2024/texmf-dist/tex/generic/pgf/systemlayer/pgfsyssoftpath.code.tex
File: pgfsyssoftpath.code.tex 2023-01-15 v3.1.10 (3.1.10)
\pgfsyssoftpath@smallbuffer@items=\count302
\pgfsyssoftpath@bigbuffer@items=\count303
) (c:/texlive/2024/texmf-dist/tex/generic/pgf/systemlayer/pgfsysprotocol.code.tex
File: pgfsysprotocol.code.tex 2023-01-15 v3.1.10 (3.1.10)
)) (c:/texlive/2024/texmf-dist/tex/latex/xcolor/xcolor.sty
Package: xcolor 2024/09/29 v3.02 LaTeX color extensions (UK)
 (c:/texlive/2024/texmf-dist/tex/latex/graphics-cfg/color.cfg
File: color.cfg 2016/01/02 v1.6 sample color configuration
)
Package xcolor Info: Driver file: pdftex.def on input line 274.
 (c:/texlive/2024/texmf-dist/tex/latex/graphics/mathcolor.ltx)
Package xcolor Info: Model `cmy' substituted by `cmy0' on input line 1349.
Package xcolor Info: Model `hsb' substituted by `rgb' on input line 1353.
Package xcolor Info: Model `RGB' extended on input line 1365.
Package xcolor Info: Model `HTML' substituted by `rgb' on input line 1367.
Package xcolor Info: Model `Hsb' substituted by `hsb' on input line 1368.
Package xcolor Info: Model `tHsb' substituted by `hsb' on input line 1369.
Package xcolor Info: Model `HSB' substituted by `hsb' on input line 1370.
Package xcolor Info: Model `Gray' substituted by `gray' on input line 1371.
Package xcolor Info: Model `wave' substituted by `hsb' on input line 1372.
) (c:/texlive/2024/texmf-dist/tex/generic/pgf/basiclayer/pgfcore.code.tex
Package: pgfcore 2023-01-15 v3.1.10 (3.1.10)
 (c:/texlive/2024/texmf-dist/tex/generic/pgf/math/pgfint.code.tex) (c:/texlive/2024/texmf-dist/tex/generic/pgf/basiclayer/pgfcorepoints.code.tex
File: pgfcorepoints.code.tex 2023-01-15 v3.1.10 (3.1.10)
\pgf@picminx=\dimen188
\pgf@picmaxx=\dimen189
\pgf@picminy=\dimen190
\pgf@picmaxy=\dimen191
\pgf@pathminx=\dimen192
\pgf@pathmaxx=\dimen193
\pgf@pathminy=\dimen194
\pgf@pathmaxy=\dimen195
\pgf@xx=\dimen196
\pgf@xy=\dimen197
\pgf@yx=\dimen198
\pgf@yy=\dimen199
\pgf@zx=\dimen256
\pgf@zy=\dimen257
) (c:/texlive/2024/texmf-dist/tex/generic/pgf/basiclayer/pgfcorepathconstruct.code.tex
File: pgfcorepathconstruct.code.tex 2023-01-15 v3.1.10 (3.1.10)
\pgf@path@lastx=\dimen258
\pgf@path@lasty=\dimen259
) (c:/texlive/2024/texmf-dist/tex/generic/pgf/basiclayer/pgfcorepathusage.code.tex
File: pgfcorepathusage.code.tex 2023-01-15 v3.1.10 (3.1.10)
\pgf@shorten@end@additional=\dimen260
\pgf@shorten@start@additional=\dimen261
) (c:/texlive/2024/texmf-dist/tex/generic/pgf/basiclayer/pgfcorescopes.code.tex
File: pgfcorescopes.code.tex 2023-01-15 v3.1.10 (3.1.10)
\pgfpic=\box63
\pgf@hbox=\box64
\pgf@layerbox@main=\box65
\pgf@picture@serial@count=\count304
) (c:/texlive/2024/texmf-dist/tex/generic/pgf/basiclayer/pgfcoregraphicstate.code.tex
File: pgfcoregraphicstate.code.tex 2023-01-15 v3.1.10 (3.1.10)
\pgflinewidth=\dimen262
) (c:/texlive/2024/texmf-dist/tex/generic/pgf/basiclayer/pgfcoretransformations.code.tex
File: pgfcoretransformations.code.tex 2023-01-15 v3.1.10 (3.1.10)
\pgf@pt@x=\dimen263
\pgf@pt@y=\dimen264
\pgf@pt@temp=\dimen265
) (c:/texlive/2024/texmf-dist/tex/generic/pgf/basiclayer/pgfcorequick.code.tex
File: pgfcorequick.code.tex 2023-01-15 v3.1.10 (3.1.10)
) (c:/texlive/2024/texmf-dist/tex/generic/pgf/basiclayer/pgfcoreobjects.code.tex
File: pgfcoreobjects.code.tex 2023-01-15 v3.1.10 (3.1.10)
) (c:/texlive/2024/texmf-dist/tex/generic/pgf/basiclayer/pgfcorepathprocessing.code.tex
File: pgfcorepathprocessing.code.tex 2023-01-15 v3.1.10 (3.1.10)
) (c:/texlive/2024/texmf-dist/tex/generic/pgf/basiclayer/pgfcorearrows.code.tex
File: pgfcorearrows.code.tex 2023-01-15 v3.1.10 (3.1.10)
\pgfarrowsep=\dimen266
) (c:/texlive/2024/texmf-dist/tex/generic/pgf/basiclayer/pgfcoreshade.code.tex
File: pgfcoreshade.code.tex 2023-01-15 v3.1.10 (3.1.10)
\pgf@max=\dimen267
\pgf@sys@shading@range@num=\count305
\pgf@shadingcount=\count306
) (c:/texlive/2024/texmf-dist/tex/generic/pgf/basiclayer/pgfcoreimage.code.tex
File: pgfcoreimage.code.tex 2023-01-15 v3.1.10 (3.1.10)
) (c:/texlive/2024/texmf-dist/tex/generic/pgf/basiclayer/pgfcoreexternal.code.tex
File: pgfcoreexternal.code.tex 2023-01-15 v3.1.10 (3.1.10)
\pgfexternal@startupbox=\box66
) (c:/texlive/2024/texmf-dist/tex/generic/pgf/basiclayer/pgfcorelayers.code.tex
File: pgfcorelayers.code.tex 2023-01-15 v3.1.10 (3.1.10)
) (c:/texlive/2024/texmf-dist/tex/generic/pgf/basiclayer/pgfcoretransparency.code.tex
File: pgfcoretransparency.code.tex 2023-01-15 v3.1.10 (3.1.10)
) (c:/texlive/2024/texmf-dist/tex/generic/pgf/basiclayer/pgfcorepatterns.code.tex
File: pgfcorepatterns.code.tex 2023-01-15 v3.1.10 (3.1.10)
) (c:/texlive/2024/texmf-dist/tex/generic/pgf/basiclayer/pgfcorerdf.code.tex
File: pgfcorerdf.code.tex 2023-01-15 v3.1.10 (3.1.10)
))) (c:/texlive/2024/texmf-dist/tex/latex/pgf/utilities/xxcolor.sty
Package: xxcolor 2003/10/24 ver 0.1
\XC@nummixins=\count307
\XC@countmixins=\count308
) (c:/texlive/2024/texmf-dist/tex/latex/base/atbegshi-ltx.sty
Package: atbegshi-ltx 2021/01/10 v1.0c Emulation of the original atbegshi
package with kernel methods
) (c:/texlive/2024/texmf-dist/tex/latex/hyperref/hyperref.sty
Package: hyperref 2024-11-05 v7.01l Hypertext links for LaTeX
 (c:/texlive/2024/texmf-dist/tex/latex/kvsetkeys/kvsetkeys.sty
Package: kvsetkeys 2022-10-05 v1.19 Key value parser (HO)
) (c:/texlive/2024/texmf-dist/tex/generic/kvdefinekeys/kvdefinekeys.sty
Package: kvdefinekeys 2019-12-19 v1.6 Define keys (HO)
) (c:/texlive/2024/texmf-dist/tex/generic/pdfescape/pdfescape.sty
Package: pdfescape 2019/12/09 v1.15 Implements pdfTeX's escape features (HO)
 (c:/texlive/2024/texmf-dist/tex/generic/ltxcmds/ltxcmds.sty
Package: ltxcmds 2023-12-04 v1.26 LaTeX kernel commands for general use (HO)
) (c:/texlive/2024/texmf-dist/tex/generic/pdftexcmds/pdftexcmds.sty
Package: pdftexcmds 2020-06-27 v0.33 Utility functions of pdfTeX for LuaTeX (HO)
 (c:/texlive/2024/texmf-dist/tex/generic/infwarerr/infwarerr.sty
Package: infwarerr 2019/12/03 v1.5 Providing info/warning/error messages (HO)
)
Package pdftexcmds Info: \pdf@primitive is available.
Package pdftexcmds Info: \pdf@ifprimitive is available.
Package pdftexcmds Info: \pdfdraftmode found.
)) (c:/texlive/2024/texmf-dist/tex/latex/hycolor/hycolor.sty
Package: hycolor 2020-01-27 v1.10 Color options for hyperref/bookmark (HO)
) (c:/texlive/2024/texmf-dist/tex/latex/hyperref/nameref.sty
Package: nameref 2023-11-26 v2.56 Cross-referencing by name of section
 (c:/texlive/2024/texmf-dist/tex/latex/refcount/refcount.sty
Package: refcount 2019/12/15 v3.6 Data extraction from label references (HO)
) (c:/texlive/2024/texmf-dist/tex/generic/gettitlestring/gettitlestring.sty
Package: gettitlestring 2019/12/15 v1.6 Cleanup title references (HO)
 (c:/texlive/2024/texmf-dist/tex/latex/kvoptions/kvoptions.sty
Package: kvoptions 2022-06-15 v3.15 Key value format for package options (HO)
))
\c@section@level=\count309
) (c:/texlive/2024/texmf-dist/tex/generic/stringenc/stringenc.sty
Package: stringenc 2019/11/29 v1.12 Convert strings between diff. encodings (HO)
)
\@linkdim=\dimen268
\Hy@linkcounter=\count310
\Hy@pagecounter=\count311
 (c:/texlive/2024/texmf-dist/tex/latex/hyperref/pd1enc.def
File: pd1enc.def 2024-11-05 v7.01l Hyperref: PDFDocEncoding definition (HO)
Now handling font encoding PD1 ...
... no UTF-8 mapping file for font encoding PD1
) (c:/texlive/2024/texmf-dist/tex/generic/intcalc/intcalc.sty
Package: intcalc 2019/12/15 v1.3 Expandable calculations with integers (HO)
)
\Hy@SavedSpaceFactor=\count312
 (c:/texlive/2024/texmf-dist/tex/latex/hyperref/puenc.def
File: puenc.def 2024-11-05 v7.01l Hyperref: PDF Unicode definition (HO)
Now handling font encoding PU ...
... no UTF-8 mapping file for font encoding PU
)
Package hyperref Info: Option `bookmarks' set `true' on input line 4040.
Package hyperref Info: Option `bookmarksopen' set `true' on input line 4040.
Package hyperref Info: Option `implicit' set `false' on input line 4040.
Package hyperref Info: Hyper figures OFF on input line 4157.
Package hyperref Info: Link nesting OFF on input line 4162.
Package hyperref Info: Hyper index ON on input line 4165.
Package hyperref Info: Plain pages OFF on input line 4172.
Package hyperref Info: Backreferencing OFF on input line 4177.
Package hyperref Info: Implicit mode OFF; no redefinition of LaTeX internals.
Package hyperref Info: Bookmarks ON on input line 4424.
\c@Hy@tempcnt=\count313
 (c:/texlive/2024/texmf-dist/tex/latex/url/url.sty
\Urlmuskip=\muskip17
Package: url 2013/09/16  ver 3.4  Verb mode for urls, etc.
)
LaTeX Info: Redefining \url on input line 4763.
\XeTeXLinkMargin=\dimen269
 (c:/texlive/2024/texmf-dist/tex/generic/bitset/bitset.sty
Package: bitset 2019/12/09 v1.3 Handle bit-vector datatype (HO)
 (c:/texlive/2024/texmf-dist/tex/generic/bigintcalc/bigintcalc.sty
Package: bigintcalc 2019/12/15 v1.5 Expandable calculations on big integers (HO)
))
\Fld@menulength=\count314
\Field@Width=\dimen270
\Fld@charsize=\dimen271
Package hyperref Info: Hyper figures OFF on input line 6042.
Package hyperref Info: Link nesting OFF on input line 6047.
Package hyperref Info: Hyper index ON on input line 6050.
Package hyperref Info: backreferencing OFF on input line 6057.
Package hyperref Info: Link coloring OFF on input line 6062.
Package hyperref Info: Link coloring with OCG OFF on input line 6067.
Package hyperref Info: PDF/A mode OFF on input line 6072.
\Hy@abspage=\count315


Package hyperref Message: Stopped early.

)
Package hyperref Info: Driver (autodetected): hpdftex.
 (c:/texlive/2024/texmf-dist/tex/latex/hyperref/hpdftex.def
File: hpdftex.def 2024-11-05 v7.01l Hyperref driver for pdfTeX
 (c:/texlive/2024/texmf-dist/tex/latex/base/atveryend-ltx.sty
Package: atveryend-ltx 2020/08/19 v1.0a Emulation of the original atveryend package
with kernel methods
)
\Fld@listcount=\count316
\c@bookmark@seq@number=\count317
 (c:/texlive/2024/texmf-dist/tex/latex/rerunfilecheck/rerunfilecheck.sty
Package: rerunfilecheck 2022-07-10 v1.10 Rerun checks for auxiliary files (HO)
 (c:/texlive/2024/texmf-dist/tex/generic/uniquecounter/uniquecounter.sty
Package: uniquecounter 2019/12/15 v1.4 Provide unlimited unique counter (HO)
)
Package uniquecounter Info: New unique counter `rerunfilecheck' on input line 285.
)) (c:/texlive/2024/texmf-dist/tex/latex/beamer/beamerbaserequires.sty (c:/texlive/2024/texmf-dist/tex/latex/beamer/beamerbasecompatibility.sty) (c:/texlive/2024/texmf-dist/tex/latex/beamer/beamerbasefont.sty (c:/texlive/2024/texmf-dist/tex/latex/amsfonts/amssymb.sty
Package: amssymb 2013/01/14 v3.01 AMS font symbols
 (c:/texlive/2024/texmf-dist/tex/latex/amsfonts/amsfonts.sty
Package: amsfonts 2013/01/14 v3.01 Basic AMSFonts support
\@emptytoks=\toks29
\symAMSa=\mathgroup4
\symAMSb=\mathgroup5
LaTeX Font Info:    Redeclaring math symbol \hbar on input line 98.
LaTeX Font Info:    Overwriting math alphabet `\mathfrak' in version `bold'
(Font)                  U/euf/m/n --> U/euf/b/n on input line 106.
)) (c:/texlive/2024/texmf-dist/tex/latex/sansmathaccent/sansmathaccent.sty
Package: sansmathaccent 2020/01/31
 (c:/texlive/2024/texmf-dist/tex/latex/koma-script/scrlfile.sty
Package: scrlfile 2024/10/24 v3.43 KOMA-Script package (file load hooks)
 (c:/texlive/2024/texmf-dist/tex/latex/koma-script/scrlfile-hook.sty
Package: scrlfile-hook 2024/10/24 v3.43 KOMA-Script package (using LaTeX hooks)
 (c:/texlive/2024/texmf-dist/tex/latex/koma-script/scrlogo.sty
Package: scrlogo 2024/10/24 v3.43 KOMA-Script package (logo)
))))) (c:/texlive/2024/texmf-dist/tex/latex/beamer/beamerbasetranslator.sty (c:/texlive/2024/texmf-dist/tex/latex/translator/translator.sty
Package: translator 2021-05-31 v1.12d Easy translation of strings in LaTeX
)) (c:/texlive/2024/texmf-dist/tex/latex/beamer/beamerbasemisc.sty) (c:/texlive/2024/texmf-dist/tex/latex/beamer/beamerbasetwoscreens.sty) (c:/texlive/2024/texmf-dist/tex/latex/beamer/beamerbaseoverlay.sty
\beamer@argscount=\count318
\beamer@lastskipcover=\skip52
\beamer@trivlistdepth=\count319
) (c:/texlive/2024/texmf-dist/tex/latex/beamer/beamerbasetitle.sty) (c:/texlive/2024/texmf-dist/tex/latex/beamer/beamerbasesection.sty
\c@lecture=\count320
\c@part=\count321
\c@section=\count322
\c@subsection=\count323
\c@subsubsection=\count324
) (c:/texlive/2024/texmf-dist/tex/latex/beamer/beamerbaseframe.sty
\beamer@framebox=\box67
\beamer@frametitlebox=\box68
\beamer@zoombox=\box69
\beamer@zoomcount=\count325
\beamer@zoomframecount=\count326
\beamer@frametextheight=\dimen272
\c@subsectionslide=\count327
\beamer@frametopskip=\skip53
\beamer@framebottomskip=\skip54
\beamer@frametopskipautobreak=\skip55
\beamer@framebottomskipautobreak=\skip56
\beamer@envbody=\toks30
\framewidth=\dimen273
\c@framenumber=\count328
) (c:/texlive/2024/texmf-dist/tex/latex/beamer/beamerbaseverbatim.sty
\beamer@verbatimfileout=\write4
) (c:/texlive/2024/texmf-dist/tex/latex/beamer/beamerbaseframesize.sty
\beamer@splitbox=\box70
\beamer@autobreakcount=\count329
\beamer@autobreaklastheight=\dimen274
\beamer@frametitletoks=\toks31
\beamer@framesubtitletoks=\toks32
) (c:/texlive/2024/texmf-dist/tex/latex/beamer/beamerbaseframecomponents.sty
\beamer@footins=\box71
) (c:/texlive/2024/texmf-dist/tex/latex/beamer/beamerbasecolor.sty) (c:/texlive/2024/texmf-dist/tex/latex/beamer/beamerbasenotes.sty
\beamer@frameboxcopy=\box72
) (c:/texlive/2024/texmf-dist/tex/latex/beamer/beamerbasetoc.sty) (c:/texlive/2024/texmf-dist/tex/latex/beamer/beamerbasetemplates.sty
\beamer@sbttoks=\toks33
 (c:/texlive/2024/texmf-dist/tex/latex/beamer/beamerbaseauxtemplates.sty (c:/texlive/2024/texmf-dist/tex/latex/beamer/beamerbaseboxes.sty
\bmb@box=\box73
\bmb@colorbox=\box74
\bmb@boxwidth=\dimen275
\bmb@boxheight=\dimen276
\bmb@prevheight=\dimen277
\bmb@temp=\dimen278
\bmb@dima=\dimen279
\bmb@dimb=\dimen280
\bmb@prevheight=\dimen281
)
\beamer@blockheadheight=\dimen282
)) (c:/texlive/2024/texmf-dist/tex/latex/beamer/beamerbaselocalstructure.sty (c:/texlive/2024/texmf-dist/tex/latex/tools/enumerate.sty
Package: enumerate 2023/07/04 v3.00 enumerate extensions (DPC)
\@enLab=\toks34
)
\beamer@bibiconwidth=\skip57
\c@figure=\count330
\c@table=\count331
\abovecaptionskip=\skip58
\belowcaptionskip=\skip59
) (c:/texlive/2024/texmf-dist/tex/latex/beamer/beamerbasenavigation.sty (c:/texlive/2024/texmf-dist/tex/latex/beamer/beamerbasenavigationsymbols.tex)
\beamer@section@min@dim=\dimen283
) (c:/texlive/2024/texmf-dist/tex/latex/beamer/beamerbasetheorems.sty (c:/texlive/2024/texmf-dist/tex/latex/amsmath/amsmath.sty
Package: amsmath 2024/11/05 v2.17t AMS math features
\@mathmargin=\skip60

For additional information on amsmath, use the `?' option.
(c:/texlive/2024/texmf-dist/tex/latex/amsmath/amstext.sty
Package: amstext 2021/08/26 v2.01 AMS text
 (c:/texlive/2024/texmf-dist/tex/latex/amsmath/amsgen.sty
File: amsgen.sty 1999/11/30 v2.0 generic functions
\@emptytoks=\toks35
\ex@=\dimen284
)) (c:/texlive/2024/texmf-dist/tex/latex/amsmath/amsbsy.sty
Package: amsbsy 1999/11/29 v1.2d Bold Symbols
\pmbraise@=\dimen285
) (c:/texlive/2024/texmf-dist/tex/latex/amsmath/amsopn.sty
Package: amsopn 2022/04/08 v2.04 operator names
)
\inf@bad=\count332
LaTeX Info: Redefining \frac on input line 233.
\uproot@=\count333
\leftroot@=\count334
LaTeX Info: Redefining \overline on input line 398.
LaTeX Info: Redefining \colon on input line 409.
\classnum@=\count335
\DOTSCASE@=\count336
LaTeX Info: Redefining \ldots on input line 495.
LaTeX Info: Redefining \dots on input line 498.
LaTeX Info: Redefining \cdots on input line 619.
\Mathstrutbox@=\box75
\strutbox@=\box76
LaTeX Info: Redefining \big on input line 721.
LaTeX Info: Redefining \Big on input line 722.
LaTeX Info: Redefining \bigg on input line 723.
LaTeX Info: Redefining \Bigg on input line 724.
\big@size=\dimen286
LaTeX Font Info:    Redeclaring font encoding OML on input line 742.
LaTeX Font Info:    Redeclaring font encoding OMS on input line 743.
\macc@depth=\count337
LaTeX Info: Redefining \bmod on input line 904.
LaTeX Info: Redefining \pmod on input line 909.
LaTeX Info: Redefining \smash on input line 939.
LaTeX Info: Redefining \relbar on input line 969.
LaTeX Info: Redefining \Relbar on input line 970.
\c@MaxMatrixCols=\count338
\dotsspace@=\muskip18
\c@parentequation=\count339
\dspbrk@lvl=\count340
\tag@help=\toks36
\row@=\count341
\column@=\count342
\maxfields@=\count343
\andhelp@=\toks37
\eqnshift@=\dimen287
\alignsep@=\dimen288
\tagshift@=\dimen289
\tagwidth@=\dimen290
\totwidth@=\dimen291
\lineht@=\dimen292
\@envbody=\toks38
\multlinegap=\skip61
\multlinetaggap=\skip62
\mathdisplay@stack=\toks39
LaTeX Info: Redefining \[ on input line 2953.
LaTeX Info: Redefining \] on input line 2954.
) (c:/texlive/2024/texmf-dist/tex/latex/amscls/amsthm.sty
Package: amsthm 2020/05/29 v2.20.6
\thm@style=\toks40
\thm@bodyfont=\toks41
\thm@headfont=\toks42
\thm@notefont=\toks43
\thm@headpunct=\toks44
\thm@preskip=\skip63
\thm@postskip=\skip64
\thm@headsep=\skip65
\dth@everypar=\toks45
)
\c@theorem=\count344
) (c:/texlive/2024/texmf-dist/tex/latex/beamer/beamerbasethemes.sty)) (c:/texlive/2024/texmf-dist/tex/latex/beamer/beamerthemedefault.sty (c:/texlive/2024/texmf-dist/tex/latex/beamer/beamerfontthemedefault.sty) (c:/texlive/2024/texmf-dist/tex/latex/beamer/beamercolorthemedefault.sty) (c:/texlive/2024/texmf-dist/tex/latex/beamer/beamerinnerthemedefault.sty
\beamer@dima=\dimen293
\beamer@dimb=\dimen294
) (c:/texlive/2024/texmf-dist/tex/latex/beamer/beamerouterthemedefault.sty))) (c:/texlive/2024/texmf-dist/tex/latex/base/inputenc.sty
Package: inputenc 2024/02/08 v1.3d Input encoding file
\inpenc@prehook=\toks46
\inpenc@posthook=\toks47
) (c:/texlive/2024/texmf-dist/tex/latex/base/fontenc.sty
Package: fontenc 2021/04/29 v2.0v Standard LaTeX package
) (c:/texlive/2024/texmf-dist/tex/generic/babel/babel.sty
Package: babel 2025/01/01 v25.1 The multilingual framework for pdfLaTeX, LuaLaTeX and XeLaTeX
\babel@savecnt=\count345
\U@D=\dimen295
\l@unhyphenated=\language90
 (c:/texlive/2024/texmf-dist/tex/generic/babel/txtbabel.def)
\bbl@readstream=\read3
LaTeX Info: Redefining \textlatin on input line 3834.
\bbl@dirlevel=\count346
 (c:/texlive/2024/texmf-dist/tex/generic/babel-french/french.ldf
Language: french 2024-07-25 v3.6c French support from the babel system
Package babel Info: Hyphen rules for 'acadian' set to \l@french
(babel)             (\language32). Reported on input line 91.
Package babel Info: Hyphen rules for 'canadien' set to \l@french
(babel)             (\language32). Reported on input line 92.
\FB@stdchar=\count347
Package babel Info: Making : an active character on input line 421.
Package babel Info: Making ; an active character on input line 422.
Package babel Info: Making ! an active character on input line 423.
Package babel Info: Making ? an active character on input line 424.
\FBguill@level=\count348
\FBold@everypar=\toks48
\FB@Mht=\dimen296
\mc@charclass=\count349
\mc@charfam=\count350
\mc@charslot=\count351
\std@mcc=\count352
\dec@mcc=\count353
\FB@parskip=\dimen297
\listindentFB=\dimen298
\descindentFB=\dimen299
\labelindentFB=\dimen300
\labelwidthFB=\dimen301
\leftmarginFB=\dimen302
\parindentFFN=\dimen303
\FBfnindent=\dimen304
)) (c:/texlive/2024/texmf-dist/tex/generic/babel/locale/fr/babel-french.tex
Package babel Info: Importing font and identification data for french
(babel)             from babel-fr.ini. Reported on input line 11.
) (c:/texlive/2024/texmf-dist/tex/latex/carlisle/scalefnt.sty)
Package french.ldf Info: No list customisation for the beamer class,
(french.ldf)             reported on input line 6.
 (c:/texlive/2024/texmf-dist/tex/latex/fundus-calligra/calligra.sty
Package: calligra 2012/04/10 v1.9 LaTeX package calligra
) (./beamerthemetptnew.sty
Package: beamerthemetptnew 2020/06/22 v0.8.2
 (c:/texlive/2024/texmf-dist/tex/latex/pgfopts/pgfopts.sty
Package: pgfopts 2014/07/10 v2.1a LaTeX package options with pgfkeys
\pgfopts@list@add@a@toks=\toks49
\pgfopts@list@add@b@toks=\toks50
) (c:/texlive/2024/texmf-dist/tex/latex/beamer/beamerouterthemeinfolines.sty) (c:/texlive/2024/texmf-dist/tex/latex/pgf/utilities/pgffor.sty (c:/texlive/2024/texmf-dist/tex/generic/pgf/utilities/pgffor.code.tex
Package: pgffor 2023-01-15 v3.1.10 (3.1.10)
\pgffor@iter=\dimen305
\pgffor@skip=\dimen306
\pgffor@stack=\toks51
\pgffor@toks=\toks52
))
\titlelogowidth=\skip66
\titleaffiliationlogowidth=\skip67
\footerlogomargin=\skip68
\footerlogoheight=\skip69
\footlinespacing=\skip70
\tptbottomboxsep=\skip71
\tptbottomboxesmargin=\skip72
\tptleftbottomboxwidth=\skip73
\tptmidbottomboxwidth=\skip74
\tptbottomboxesbase=\skip75
\tptbottomboxesheight=\skip76
\tptfooterlogoyshift=\skip77
\tpt@tempbox=\box77
\tptframetitlesep=\skip78
\tptframetitlefriezesep=\skip79
\tptframetitlefriezewidth=\skip80
\tptframetitlefriezeheight=\skip81
\tptframetitleyshift=\skip82
\tptframetitleyshiftifsubtitle=\skip83
\tptframetitledepth=\skip84
\tpt@frametitle@width=\skip85
\tpt@frametitle@content@width=\skip86
) (c:/texlive/2024/texmf-dist/tex/latex/bera/bera.sty
Package: bera 2004/01/31 (WaS)
 (c:/texlive/2024/texmf-dist/tex/latex/base/fontenc.sty
Package: fontenc 2021/04/29 v2.0v Standard LaTeX package
) (c:/texlive/2024/texmf-dist/tex/latex/base/textcomp.sty
Package: textcomp 2024/04/24 v2.1b Standard LaTeX package
) (c:/texlive/2024/texmf-dist/tex/latex/bera/beraserif.sty
Package: beraserif 2004/01/30 (WaS)
) (c:/texlive/2024/texmf-dist/tex/latex/bera/berasans.sty
Package: berasans 2004/01/30 (WaS)
) (c:/texlive/2024/texmf-dist/tex/latex/bera/beramono.sty
Package: beramono 2004/01/31 (WaS)
)
LaTeX Font Info:    Trying to load font information for T1+fvs on input line 9.
 (c:/texlive/2024/texmf-dist/tex/latex/bera/t1fvs.fd
File: t1fvs.fd 2004/09/07 scalable font definitions for T1/fvs.
)
LaTeX Font Info:    Font shape `T1/fvs/m/n' will be
(Font)              scaled to size 9.85492pt on input line 9.
) (c:/texlive/2024/texmf-dist/tex/latex/units/nicefrac.sty
Package: nicefrac 1998/08/04 v0.9b Nice fractions
\L@UnitsRaiseDisplaystyle=\skip87
\L@UnitsRaiseTextstyle=\skip88
\L@UnitsRaiseScriptstyle=\skip89
 (c:/texlive/2024/texmf-dist/tex/latex/base/ifthen.sty
Package: ifthen 2024/03/16 v1.1e Standard LaTeX ifthen package (DPC)
)) (c:/texlive/2024/texmf-dist/tex/latex/stmaryrd/stmaryrd.sty
Package: stmaryrd 1994/03/03 St Mary's Road symbol package
\symstmry=\mathgroup6
LaTeX Font Info:    Overwriting symbol font `stmry' in version `bold'
(Font)                  U/stmry/m/n --> U/stmry/b/n on input line 89.
) (c:/texlive/2024/texmf-dist/tex/latex/mathtools/mathtools.sty
Package: mathtools 2024/10/04 v1.31 mathematical typesetting tools
 (c:/texlive/2024/texmf-dist/tex/latex/tools/calc.sty
Package: calc 2023/07/08 v4.3 Infix arithmetic (KKT,FJ)
\calc@Acount=\count354
\calc@Bcount=\count355
\calc@Adimen=\dimen307
\calc@Bdimen=\dimen308
\calc@Askip=\skip90
\calc@Bskip=\skip91
LaTeX Info: Redefining \setlength on input line 80.
LaTeX Info: Redefining \addtolength on input line 81.
\calc@Ccount=\count356
\calc@Cskip=\skip92
) (c:/texlive/2024/texmf-dist/tex/latex/mathtools/mhsetup.sty
Package: mhsetup 2021/03/18 v1.4 programming setup (MH)
)
\g_MT_multlinerow_int=\count357
\l_MT_multwidth_dim=\dimen309
\origjot=\skip93
\l_MT_shortvdotswithinadjustabove_dim=\dimen310
\l_MT_shortvdotswithinadjustbelow_dim=\dimen311
\l_MT_above_intertext_sep=\dimen312
\l_MT_below_intertext_sep=\dimen313
\l_MT_above_shortintertext_sep=\dimen314
\l_MT_below_shortintertext_sep=\dimen315
\xmathstrut@box=\box78
\xmathstrut@dim=\dimen316
)
\sympureletters=\mathgroup7
LaTeX Font Info:    Overwriting symbol font `pureletters' in version `bold'
(Font)                  OT1/mathkerncmss/m/sl --> OT1/mathkerncmss/bx/sl on input line 24.
 (c:/texlive/2024/texmf-dist/tex/latex/tools/bm.sty
Package: bm 2023/12/19 v1.2f Bold Symbol Support (DPC/FMi)
Package bm Info: No bold for \OMX/cmex/m/n, using \pmb.
Package bm Info: No bold for \U/msa/m/n, using \pmb.
Package bm Info: No bold for \U/msb/m/n, using \pmb.
) (c:/texlive/2024/texmf-dist/tex/latex/bbm-macros/bbm.sty
Package: bbm 1999/03/15 V 1.2 provides fonts for set symbols - TH
LaTeX Font Info:    Overwriting math alphabet `\mathbbm' in version `bold'
(Font)                  U/bbm/m/n --> U/bbm/bx/n on input line 33.
LaTeX Font Info:    Overwriting math alphabet `\mathbbmss' in version `bold'
(Font)                  U/bbmss/m/n --> U/bbmss/bx/n on input line 35.
) (c:/texlive/2024/texmf-dist/tex/latex/caption/caption.sty
Package: caption 2023/08/05 v3.6o Customizing captions (AR)
 (c:/texlive/2024/texmf-dist/tex/latex/caption/caption3.sty
Package: caption3 2023/07/31 v2.4d caption3 kernel (AR)
\caption@tempdima=\dimen317
\captionmargin=\dimen318
\caption@leftmargin=\dimen319
\caption@rightmargin=\dimen320
\caption@width=\dimen321
\caption@indent=\dimen322
\caption@parindent=\dimen323
\caption@hangindent=\dimen324
Package caption Info: beamer document class detected.
Package caption Info: french babel package is loaded.
 (c:/texlive/2024/texmf-dist/tex/latex/caption/caption-beamer.sto
File: caption-beamer.sto 2022/01/06 v2.0c Adaption of the caption package to the beamer document classes (AR)
))
\c@caption@flags=\count358
\c@continuedfloat=\count359
Package caption Info: hyperref package is loaded.
Package caption Info: Hyperref support is turned off
(caption)             because hyperref has stopped early.
) (c:/texlive/2024/texmf-dist/tex/latex/ragged2e/ragged2e.sty
Package: ragged2e 2023/06/22 v3.6 ragged2e Package
\CenteringLeftskip=\skip94
\RaggedLeftLeftskip=\skip95
\RaggedRightLeftskip=\skip96
\CenteringRightskip=\skip97
\RaggedLeftRightskip=\skip98
\RaggedRightRightskip=\skip99
\CenteringParfillskip=\skip100
\RaggedLeftParfillskip=\skip101
\RaggedRightParfillskip=\skip102
\JustifyingParfillskip=\skip103
\CenteringParindent=\skip104
\RaggedLeftParindent=\skip105
\RaggedRightParindent=\skip106
\JustifyingParindent=\skip107
) (c:/texlive/2024/texmf-dist/tex/latex/tools/multicol.sty
Package: multicol 2024/09/14 v1.9i multicolumn formatting (FMi)
\c@tracingmulticols=\count360
\mult@box=\box79
\multicol@leftmargin=\dimen325
\c@unbalance=\count361
\c@collectmore=\count362
\doublecol@number=\count363
\multicoltolerance=\count364
\multicolpretolerance=\count365
\full@width=\dimen326
\page@free=\dimen327
\premulticols=\dimen328
\postmulticols=\dimen329
\multicolsep=\skip108
\multicolbaselineskip=\skip109
\partial@page=\box80
\last@line=\box81
\mc@boxedresult=\box82
\maxbalancingoverflow=\dimen330
\mult@rightbox=\box83
\mult@grightbox=\box84
\mult@firstbox=\box85
\mult@gfirstbox=\box86
\@tempa=\box87
\@tempa=\box88
\@tempa=\box89
\@tempa=\box90
\@tempa=\box91
\@tempa=\box92
\@tempa=\box93
\@tempa=\box94
\@tempa=\box95
\@tempa=\box96
\@tempa=\box97
\@tempa=\box98
\@tempa=\box99
\@tempa=\box100
\@tempa=\box101
\@tempa=\box102
\@tempa=\box103
\@tempa=\box104
\@tempa=\box105
\@tempa=\box106
\@tempa=\box107
\@tempa=\box108
\@tempa=\box109
\@tempa=\box110
\@tempa=\box111
\@tempa=\box112
\@tempa=\box113
\@tempa=\box114
\@tempa=\box115
\@tempa=\box116
\@tempa=\box117
\@tempa=\box118
\@tempa=\box119
\@tempa=\box120
\@tempa=\box121
\@tempa=\box122
\c@minrows=\count366
\c@columnbadness=\count367
\c@finalcolumnbadness=\count368
\last@try=\dimen331
\multicolovershoot=\dimen332
\multicolundershoot=\dimen333
\mult@nat@firstbox=\box123
\colbreak@box=\box124
\mc@col@check@num=\count369
) (c:/texlive/2024/texmf-dist/tex/latex/pgf/frontendlayer/tikz.sty (c:/texlive/2024/texmf-dist/tex/latex/pgf/basiclayer/pgf.sty
Package: pgf 2023-01-15 v3.1.10 (3.1.10)
 (c:/texlive/2024/texmf-dist/tex/generic/pgf/modules/pgfmoduleshapes.code.tex
File: pgfmoduleshapes.code.tex 2023-01-15 v3.1.10 (3.1.10)
\pgfnodeparttextbox=\box125
) (c:/texlive/2024/texmf-dist/tex/generic/pgf/modules/pgfmoduleplot.code.tex
File: pgfmoduleplot.code.tex 2023-01-15 v3.1.10 (3.1.10)
) (c:/texlive/2024/texmf-dist/tex/latex/pgf/compatibility/pgfcomp-version-0-65.sty
Package: pgfcomp-version-0-65 2023-01-15 v3.1.10 (3.1.10)
\pgf@nodesepstart=\dimen334
\pgf@nodesepend=\dimen335
) (c:/texlive/2024/texmf-dist/tex/latex/pgf/compatibility/pgfcomp-version-1-18.sty
Package: pgfcomp-version-1-18 2023-01-15 v3.1.10 (3.1.10)
)) (c:/texlive/2024/texmf-dist/tex/generic/pgf/frontendlayer/tikz/tikz.code.tex
Package: tikz 2023-01-15 v3.1.10 (3.1.10)
 (c:/texlive/2024/texmf-dist/tex/generic/pgf/libraries/pgflibraryplothandlers.code.tex
File: pgflibraryplothandlers.code.tex 2023-01-15 v3.1.10 (3.1.10)
\pgf@plot@mark@count=\count370
\pgfplotmarksize=\dimen336
)
\tikz@lastx=\dimen337
\tikz@lasty=\dimen338
\tikz@lastxsaved=\dimen339
\tikz@lastysaved=\dimen340
\tikz@lastmovetox=\dimen341
\tikz@lastmovetoy=\dimen342
\tikzleveldistance=\dimen343
\tikzsiblingdistance=\dimen344
\tikz@figbox=\box126
\tikz@figbox@bg=\box127
\tikz@tempbox=\box128
\tikz@tempbox@bg=\box129
\tikztreelevel=\count371
\tikznumberofchildren=\count372
\tikznumberofcurrentchild=\count373
\tikz@fig@count=\count374
 (c:/texlive/2024/texmf-dist/tex/generic/pgf/modules/pgfmodulematrix.code.tex
File: pgfmodulematrix.code.tex 2023-01-15 v3.1.10 (3.1.10)
\pgfmatrixcurrentrow=\count375
\pgfmatrixcurrentcolumn=\count376
\pgf@matrix@numberofcolumns=\count377
)
\tikz@expandcount=\count378
 (c:/texlive/2024/texmf-dist/tex/generic/pgf/frontendlayer/tikz/libraries/tikzlibrarytopaths.code.tex
File: tikzlibrarytopaths.code.tex 2023-01-15 v3.1.10 (3.1.10)
))) (c:/texlive/2024/texmf-dist/tex/generic/pgf/frontendlayer/tikz/libraries/tikzlibraryshapes.code.tex
File: tikzlibraryshapes.code.tex 2023-01-15 v3.1.10 (3.1.10)
 (c:/texlive/2024/texmf-dist/tex/generic/pgf/frontendlayer/tikz/libraries/tikzlibraryshapes.geometric.code.tex
File: tikzlibraryshapes.geometric.code.tex 2023-01-15 v3.1.10 (3.1.10)
 (c:/texlive/2024/texmf-dist/tex/generic/pgf/libraries/shapes/pgflibraryshapes.geometric.code.tex
File: pgflibraryshapes.geometric.code.tex 2023-01-15 v3.1.10 (3.1.10)
)) (c:/texlive/2024/texmf-dist/tex/generic/pgf/frontendlayer/tikz/libraries/tikzlibraryshapes.misc.code.tex
File: tikzlibraryshapes.misc.code.tex 2023-01-15 v3.1.10 (3.1.10)
 (c:/texlive/2024/texmf-dist/tex/generic/pgf/libraries/shapes/pgflibraryshapes.misc.code.tex
File: pgflibraryshapes.misc.code.tex 2023-01-15 v3.1.10 (3.1.10)
)) (c:/texlive/2024/texmf-dist/tex/generic/pgf/frontendlayer/tikz/libraries/tikzlibraryshapes.symbols.code.tex
File: tikzlibraryshapes.symbols.code.tex 2023-01-15 v3.1.10 (3.1.10)
 (c:/texlive/2024/texmf-dist/tex/generic/pgf/libraries/shapes/pgflibraryshapes.symbols.code.tex
File: pgflibraryshapes.symbols.code.tex 2023-01-15 v3.1.10 (3.1.10)
)) (c:/texlive/2024/texmf-dist/tex/generic/pgf/frontendlayer/tikz/libraries/tikzlibraryshapes.arrows.code.tex
File: tikzlibraryshapes.arrows.code.tex 2023-01-15 v3.1.10 (3.1.10)
 (c:/texlive/2024/texmf-dist/tex/generic/pgf/libraries/shapes/pgflibraryshapes.arrows.code.tex
File: pgflibraryshapes.arrows.code.tex 2023-01-15 v3.1.10 (3.1.10)
)) (c:/texlive/2024/texmf-dist/tex/generic/pgf/frontendlayer/tikz/libraries/tikzlibraryshapes.callouts.code.tex (c:/texlive/2024/texmf-dist/tex/generic/pgf/libraries/shapes/pgflibraryshapes.callouts.code.tex)) (c:/texlive/2024/texmf-dist/tex/generic/pgf/frontendlayer/tikz/libraries/tikzlibraryshapes.multipart.code.tex
File: tikzlibraryshapes.multipart.code.tex 2023-01-15 v3.1.10 (3.1.10)
 (c:/texlive/2024/texmf-dist/tex/generic/pgf/libraries/shapes/pgflibraryshapes.multipart.code.tex
File: pgflibraryshapes.multipart.code.tex 2023-01-15 v3.1.10 (3.1.10)
\pgfnodepartlowerbox=\box130
\pgfnodeparttwobox=\box131
\pgfnodepartthreebox=\box132
\pgfnodepartfourbox=\box133
\pgfnodeparttwentybox=\box134
\pgfnodepartnineteenbox=\box135
\pgfnodeparteighteenbox=\box136
\pgfnodepartseventeenbox=\box137
\pgfnodepartsixteenbox=\box138
\pgfnodepartfifteenbox=\box139
\pgfnodepartfourteenbox=\box140
\pgfnodepartthirteenbox=\box141
\pgfnodeparttwelvebox=\box142
\pgfnodepartelevenbox=\box143
\pgfnodeparttenbox=\box144
\pgfnodepartninebox=\box145
\pgfnodeparteightbox=\box146
\pgfnodepartsevenbox=\box147
\pgfnodepartsixbox=\box148
\pgfnodepartfivebox=\box149
))) (c:/texlive/2024/texmf-dist/tex/generic/pgf/frontendlayer/tikz/libraries/tikzlibraryarrows.code.tex
File: tikzlibraryarrows.code.tex 2023-01-15 v3.1.10 (3.1.10)
 (c:/texlive/2024/texmf-dist/tex/generic/pgf/libraries/pgflibraryarrows.code.tex
File: pgflibraryarrows.code.tex 2023-01-15 v3.1.10 (3.1.10)
\arrowsize=\dimen345
)) (c:/texlive/2024/texmf-dist/tex/generic/pgf/frontendlayer/tikz/libraries/tikzlibrarypositioning.code.tex
File: tikzlibrarypositioning.code.tex 2023-01-15 v3.1.10 (3.1.10)
) (c:/texlive/2024/texmf-dist/tex/generic/pgf/frontendlayer/tikz/libraries/tikzlibraryfit.code.tex
File: tikzlibraryfit.code.tex 2023-01-15 v3.1.10 (3.1.10)
) (c:/texlive/2024/texmf-dist/tex/generic/pgf/frontendlayer/tikz/libraries/tikzlibrarycalc.code.tex
File: tikzlibrarycalc.code.tex 2023-01-15 v3.1.10 (3.1.10)
) (c:/texlive/2024/texmf-dist/tex/latex/psnfss/pifont.sty
Package: pifont 2020/03/25 PSNFSS-v9.3 Pi font support (SPQR) 
LaTeX Font Info:    Trying to load font information for U+pzd on input line 63.
 (c:/texlive/2024/texmf-dist/tex/latex/psnfss/upzd.fd
File: upzd.fd 2001/06/04 font definitions for U/pzd.
)
LaTeX Font Info:    Trying to load font information for U+psy on input line 64.
 (c:/texlive/2024/texmf-dist/tex/latex/psnfss/upsy.fd
File: upsy.fd 2001/06/04 font definitions for U/psy.
)) (c:/texlive/2024/texmf-dist/tex/latex/fontawesome5/fontawesome5.sty (c:/texlive/2024/texmf-dist/tex/latex/l3kernel/expl3.sty
Package: expl3 2024-12-25 L3 programming layer (loader) 
 (c:/texlive/2024/texmf-dist/tex/latex/l3backend/l3backend-pdftex.def
File: l3backend-pdftex.def 2024-05-08 L3 backend support: PDF output (pdfTeX)
\l__color_backend_stack_int=\count379
\l__pdf_internal_box=\box150
))
Package: fontawesome5 2022/05/02 v5.15.4 Font Awesome 5
 (c:/texlive/2024/texmf-dist/tex/latex/l3packages/l3keys2e/l3keys2e.sty
Package: l3keys2e 2024-08-16 LaTeX2e option processing using LaTeX3 keys
) (c:/texlive/2024/texmf-dist/tex/latex/l3packages/xparse/xparse.sty
Package: xparse 2024-08-16 L3 Experimental document command parser
) (c:/texlive/2024/texmf-dist/tex/latex/fontawesome5/fontawesome5-generic-helper.sty
Package: fontawesome5-generic-helper 2022/05/02 v5.15.4 non-uTeX helper for fontawesome5
 (c:/texlive/2024/texmf-dist/tex/latex/fontawesome5/fontawesome5-mapping.def)))
\c@conjecture=\count380
 (c:/texlive/2024/texmf-dist/tex/latex/tools/array.sty
Package: array 2024/10/17 v2.6g Tabular extension package (FMi)
\col@sep=\dimen346
\ar@mcellbox=\box151
\extrarowheight=\dimen347
\NC@list=\toks53
\extratabsurround=\skip110
\backup@length=\skip111
\ar@cellbox=\box152
) (c:/texlive/2024/texmf-dist/tex/latex/dutchcal/dutchcal.sty
Package: dutchcal 2011/06/16 v1 U/dutchcal
 (c:/texlive/2024/texmf-dist/tex/latex/xkeyval/xkeyval.sty
Package: xkeyval 2022/06/16 v2.9 package option processing (HA)
 (c:/texlive/2024/texmf-dist/tex/generic/xkeyval/xkeyval.tex (c:/texlive/2024/texmf-dist/tex/generic/xkeyval/xkvutils.tex
\XKV@toks=\toks54
\XKV@tempa@toks=\toks55
)
\XKV@depth=\count381
File: xkeyval.tex 2014/12/03 v2.7a key=value parser (HA)
))
LaTeX Font Info:    Redeclaring math alphabet \mathcal on input line 8.
LaTeX Font Info:    Overwriting math alphabet `\mathcal' in version `bold'
(Font)                  U/dutchcal/m/n --> U/dutchcal/b/n on input line 9.
) (c:/texlive/2024/texmf-dist/tex/latex/wrapfig/wrapfig.sty
\wrapoverhang=\dimen348
\WF@size=\dimen349
\c@WF@wrappedlines=\count382
\WF@box=\box153
\WF@everypar=\toks56
Package: wrapfig 2003/01/31  v 3.6
) (c:/texlive/2024/texmf-dist/tex/latex/caption/subcaption.sty
Package: subcaption 2023/07/28 v1.6b Sub-captions (AR)
Package caption Info: New subtype `subfigure' on input line 238.
\c@subfigure=\count383
Package caption Info: New subtype `subtable' on input line 238.
\c@subtable=\count384
) (c:/texlive/2024/texmf-dist/tex/latex/pgfplots/pgfplots.sty (c:/texlive/2024/texmf-dist/tex/generic/pgfplots/pgfplots.revision.tex)
Package: pgfplots 2021/05/15 v1.18.1 Data Visualization (1.18.1)
 (c:/texlive/2024/texmf-dist/tex/generic/pgfplots/pgfplots.code.tex (c:/texlive/2024/texmf-dist/tex/generic/pgfplots/pgfplotscore.code.tex
\t@pgfplots@toka=\toks57
\t@pgfplots@tokb=\toks58
\t@pgfplots@tokc=\toks59
\pgfplots@tmpa=\dimen350
\c@pgfplots@coordindex=\count385
\c@pgfplots@scanlineindex=\count386
 (c:/texlive/2024/texmf-dist/tex/generic/pgfplots/sys/pgfplotssysgeneric.code.tex)) (c:/texlive/2024/texmf-dist/tex/generic/pgfplots/libs/pgfplotslibrary.code.tex) (c:/texlive/2024/texmf-dist/tex/generic/pgfplots/oldpgfcompatib/pgfplotsoldpgfsupp_loader.code.tex (c:/texlive/2024/texmf-dist/tex/generic/pgf/libraries/pgflibraryfpu.code.tex)
Package pgfplots: loading complementary utilities for your pgf version...
\t@pgf@toka=\toks60
\t@pgf@tokb=\toks61
\t@pgf@tokc=\toks62
(c:/texlive/2024/texmf-dist/tex/generic/pgfplots/oldpgfcompatib/pgfplotsoldpgfsupp_pgfutil-common-lists.tex)) (c:/texlive/2024/texmf-dist/tex/generic/pgfplots/util/pgfplotsutil.code.tex (c:/texlive/2024/texmf-dist/tex/generic/pgfplots/liststructure/pgfplotsliststructure.code.tex) (c:/texlive/2024/texmf-dist/tex/generic/pgfplots/liststructure/pgfplotsliststructureext.code.tex) (c:/texlive/2024/texmf-dist/tex/generic/pgfplots/liststructure/pgfplotsarray.code.tex
\c@pgfplotsarray@tmp=\count387
) (c:/texlive/2024/texmf-dist/tex/generic/pgfplots/liststructure/pgfplotsmatrix.code.tex) (c:/texlive/2024/texmf-dist/tex/generic/pgfplots/numtable/pgfplotstableshared.code.tex
\c@pgfplotstable@counta=\count388
\t@pgfplotstable@a=\toks63
) (c:/texlive/2024/texmf-dist/tex/generic/pgfplots/liststructure/pgfplotsdeque.code.tex) (c:/texlive/2024/texmf-dist/tex/generic/pgfplots/util/pgfplotsbinary.code.tex (c:/texlive/2024/texmf-dist/tex/generic/pgfplots/util/pgfplotsbinary.data.code.tex)) (c:/texlive/2024/texmf-dist/tex/generic/pgfplots/util/pgfplotsutil.verb.code.tex) (c:/texlive/2024/texmf-dist/tex/generic/pgfplots/libs/pgflibrarypgfplots.surfshading.code.tex
\c@pgfplotslibrarysurf@no=\count389
 (c:/texlive/2024/texmf-dist/tex/generic/pgfplots/sys/pgflibrarypgfplots.surfshading.pgfsys-pdftex.def))) (c:/texlive/2024/texmf-dist/tex/generic/pgfplots/util/pgfplotscolormap.code.tex (c:/texlive/2024/texmf-dist/tex/generic/pgfplots/util/pgfplotscolor.code.tex)) (c:/texlive/2024/texmf-dist/tex/generic/pgfplots/pgfplotsstackedplots.code.tex) (c:/texlive/2024/texmf-dist/tex/generic/pgfplots/pgfplotsplothandlers.code.tex (c:/texlive/2024/texmf-dist/tex/generic/pgfplots/pgfplotsmeshplothandler.code.tex (c:/texlive/2024/texmf-dist/tex/generic/pgfplots/pgfplotsmeshplotimage.code.tex))) (c:/texlive/2024/texmf-dist/tex/generic/pgfplots/pgfplots.scaling.code.tex) (c:/texlive/2024/texmf-dist/tex/generic/pgfplots/pgfplotscoordprocessing.code.tex) (c:/texlive/2024/texmf-dist/tex/generic/pgfplots/pgfplots.errorbars.code.tex) (c:/texlive/2024/texmf-dist/tex/generic/pgfplots/pgfplots.markers.code.tex) (c:/texlive/2024/texmf-dist/tex/generic/pgfplots/pgfplotsticks.code.tex) (c:/texlive/2024/texmf-dist/tex/generic/pgfplots/pgfplots.paths.code.tex) (c:/texlive/2024/texmf-dist/tex/generic/pgf/frontendlayer/tikz/libraries/tikzlibrarydecorations.code.tex (c:/texlive/2024/texmf-dist/tex/generic/pgf/modules/pgfmoduledecorations.code.tex
\pgfdecoratedcompleteddistance=\dimen351
\pgfdecoratedremainingdistance=\dimen352
\pgfdecoratedinputsegmentcompleteddistance=\dimen353
\pgfdecoratedinputsegmentremainingdistance=\dimen354
\pgf@decorate@distancetomove=\dimen355
\pgf@decorate@repeatstate=\count390
\pgfdecorationsegmentamplitude=\dimen356
\pgfdecorationsegmentlength=\dimen357
)
\tikz@lib@dec@box=\box154
) (c:/texlive/2024/texmf-dist/tex/generic/pgf/frontendlayer/tikz/libraries/tikzlibrarydecorations.pathmorphing.code.tex (c:/texlive/2024/texmf-dist/tex/generic/pgf/libraries/decorations/pgflibrarydecorations.pathmorphing.code.tex)) (c:/texlive/2024/texmf-dist/tex/generic/pgf/frontendlayer/tikz/libraries/tikzlibrarydecorations.pathreplacing.code.tex (c:/texlive/2024/texmf-dist/tex/generic/pgf/libraries/decorations/pgflibrarydecorations.pathreplacing.code.tex)) (c:/texlive/2024/texmf-dist/tex/generic/pgfplots/libs/tikzlibrarypgfplots.contourlua.code.tex)
\pgfplots@numplots=\count391
\pgfplots@xmin@reg=\dimen358
\pgfplots@xmax@reg=\dimen359
\pgfplots@ymin@reg=\dimen360
\pgfplots@ymax@reg=\dimen361
\pgfplots@zmin@reg=\dimen362
\pgfplots@zmax@reg=\dimen363
) (c:/texlive/2024/texmf-dist/tex/generic/pgf/frontendlayer/tikz/libraries/tikzlibraryplotmarks.code.tex
File: tikzlibraryplotmarks.code.tex 2023-01-15 v3.1.10 (3.1.10)
 (c:/texlive/2024/texmf-dist/tex/generic/pgf/libraries/pgflibraryplotmarks.code.tex
File: pgflibraryplotmarks.code.tex 2023-01-15 v3.1.10 (3.1.10)
))) (c:/texlive/2024/texmf-dist/tex/generic/pgfplots/libs/tikzlibrarypgfplots.groupplots.code.tex
\pgfplots@group@current@plot=\count392
\pgfplots@group@current@row=\count393
\pgfplots@group@current@column=\count394
) (c:/texlive/2024/texmf-dist/tex/generic/pgfplots/libs/tikzlibrarypgfplots.dateplot.code.tex (c:/texlive/2024/texmf-dist/tex/latex/pgf/utilities/pgfcalendar.sty (c:/texlive/2024/texmf-dist/tex/generic/pgf/utilities/pgfcalendar.code.tex
File: pgfcalendar.code.tex 2023-01-15 v3.1.10 (3.1.10)
\pgfcalendarcurrentjulian=\count395
\pgf@cal@easter@Y=\count396
\pgf@cal@easter@G=\count397
\pgf@cal@easter@C=\count398
\pgf@cal@easter@X=\count399
\pgf@cal@easter@Z=\count400
\pgf@cal@easter@D=\count401
\pgf@cal@easter@E=\count402
\pgf@cal@easter@N=\count403
\pgf@cal@easter@M=\count404
\pgf@cal@easter@julianday=\count405
))) (c:/texlive/2024/texmf-dist/tex/generic/pgf/frontendlayer/tikz/libraries/tikzlibrarybackgrounds.code.tex
File: tikzlibrarybackgrounds.code.tex 2023-01-15 v3.1.10 (3.1.10)
\pgf@layerbox@background=\box155
\pgf@layerboxsaved@background=\box156
) (c:/texlive/2024/texmf-dist/tex/generic/pgf/frontendlayer/tikz/libraries/tikzlibraryautomata.code.tex
File: tikzlibraryautomata.code.tex 2023-01-15 v3.1.10 (3.1.10)
) (c:/texlive/2024/texmf-dist/tex/generic/pgf/frontendlayer/tikz/libraries/tikzlibraryshadows.code.tex
File: tikzlibraryshadows.code.tex 2023-01-15 v3.1.10 (3.1.10)
 (c:/texlive/2024/texmf-dist/tex/generic/pgf/frontendlayer/tikz/libraries/tikzlibraryfadings.code.tex
File: tikzlibraryfadings.code.tex 2023-01-15 v3.1.10 (3.1.10)
 (c:/texlive/2024/texmf-dist/tex/generic/pgf/libraries/pgflibraryfadings.code.tex
File: pgflibraryfadings.code.tex 2023-01-15 v3.1.10 (3.1.10)
))) (c:/texlive/2024/texmf-dist/tex/generic/pgf/frontendlayer/tikz/libraries/tikzlibraryangles.code.tex
File: tikzlibraryangles.code.tex 2023-01-15 v3.1.10 (3.1.10)
) (c:/texlive/2024/texmf-dist/tex/generic/pgf/frontendlayer/tikz/libraries/tikzlibraryquotes.code.tex
File: tikzlibraryquotes.code.tex 2023-01-15 v3.1.10 (3.1.10)
) (c:/texlive/2024/texmf-dist/tex/latex/import/import.sty
Package: import 2020/04/01  v 6.2
)

Package hyperref Warning: Token not allowed in a PDF string (Unicode):
(hyperref)                removing `\color' on input line 143.

(./main.aux)
\openout1 = `main.aux'.

LaTeX Font Info:    Checking defaults for OML/cmm/m/it on input line 143.
LaTeX Font Info:    ... okay on input line 143.
LaTeX Font Info:    Checking defaults for OMS/cmsy/m/n on input line 143.
LaTeX Font Info:    ... okay on input line 143.
LaTeX Font Info:    Checking defaults for OT1/cmr/m/n on input line 143.
LaTeX Font Info:    ... okay on input line 143.
LaTeX Font Info:    Checking defaults for T1/cmr/m/n on input line 143.
LaTeX Font Info:    ... okay on input line 143.
LaTeX Font Info:    Checking defaults for TS1/cmr/m/n on input line 143.
LaTeX Font Info:    ... okay on input line 143.
LaTeX Font Info:    Checking defaults for OMX/cmex/m/n on input line 143.
LaTeX Font Info:    ... okay on input line 143.
LaTeX Font Info:    Checking defaults for U/cmr/m/n on input line 143.
LaTeX Font Info:    ... okay on input line 143.
LaTeX Font Info:    Checking defaults for PD1/pdf/m/n on input line 143.
LaTeX Font Info:    ... okay on input line 143.
LaTeX Font Info:    Checking defaults for PU/pdf/m/n on input line 143.
LaTeX Font Info:    ... okay on input line 143.

*geometry* driver: auto-detecting
*geometry* detected driver: pdftex
*geometry* verbose mode - [ preamble ] result:
* driver: pdftex
* paper: custom
* layout: <same size as paper>
* layoutoffset:(h,v)=(0.0pt,0.0pt)
* modes: includehead includefoot 
* h-part:(L,W,R)=(10.88002pt, 433.48404pt, 10.88002pt)
* v-part:(T,H,B)=(0.0pt, 284.52756pt, 0.0pt)
* \paperwidth=455.24408pt
* \paperheight=284.52756pt
* \textwidth=433.48404pt
* \textheight=256.07483pt
* \oddsidemargin=-61.38997pt
* \evensidemargin=-61.38997pt
* \topmargin=-72.26999pt
* \headheight=14.22636pt
* \headsep=0.0pt
* \topskip=11.0pt
* \footskip=14.22636pt
* \marginparwidth=4.0pt
* \marginparsep=10.0pt
* \columnsep=10.0pt
* \skip\footins=10.0pt plus 4.0pt minus 2.0pt
* \hoffset=0.0pt
* \voffset=0.0pt
* \mag=1000
* \@twocolumnfalse
* \@twosidefalse
* \@mparswitchfalse
* \@reversemarginfalse
* (1in=72.27pt=25.4mm, 1cm=28.453pt)

(c:/texlive/2024/texmf-dist/tex/context/base/mkii/supp-pdf.mkii
[Loading MPS to PDF converter (version 2006.09.02).]
\scratchcounter=\count406
\scratchdimen=\dimen364
\scratchbox=\box157
\nofMPsegments=\count407
\nofMParguments=\count408
\everyMPshowfont=\toks64
\MPscratchCnt=\count409
\MPscratchDim=\dimen365
\MPnumerator=\count410
\makeMPintoPDFobject=\count411
\everyMPtoPDFconversion=\toks65
) (c:/texlive/2024/texmf-dist/tex/latex/epstopdf-pkg/epstopdf-base.sty
Package: epstopdf-base 2020-01-24 v2.11 Base part for package epstopdf
Package epstopdf-base Info: Redefining graphics rule for `.eps' on input line 485.
 (c:/texlive/2024/texmf-dist/tex/latex/latexconfig/epstopdf-sys.cfg
File: epstopdf-sys.cfg 2010/07/13 v1.3 Configuration of (r)epstopdf for TeX Live
))
Package hyperref Info: Link coloring OFF on input line 143.
 (./main.out) (./main.out)
\@outlinefile=\write5
\openout5 = `main.out'.

LaTeX Font Info:    Overwriting symbol font `operators' in version `normal'
(Font)                  OT1/cmr/m/n --> OT1/cmss/m/n on input line 143.
LaTeX Font Info:    Overwriting symbol font `operators' in version `bold'
(Font)                  OT1/cmr/bx/n --> OT1/cmss/b/n on input line 143.
\symnumbers=\mathgroup8
LaTeX Font Info:    Redeclaring symbol font `pureletters' on input line 143.
LaTeX Font Info:    Encoding `OT1' has changed to `T1' for symbol font
(Font)              `pureletters' in the math version `normal' on input line 143.
LaTeX Font Info:    Overwriting symbol font `pureletters' in version `normal'
(Font)                  OT1/mathkerncmss/m/sl --> T1/fvs/m/it on input line 143.
LaTeX Font Info:    Encoding `OT1' has changed to `T1' for symbol font
(Font)              `pureletters' in the math version `bold' on input line 143.
LaTeX Font Info:    Overwriting symbol font `pureletters' in version `bold'
(Font)                  OT1/mathkerncmss/bx/sl --> T1/fvs/m/it on input line 143.
LaTeX Font Info:    Overwriting math alphabet `\mathrm' in version `normal'
(Font)                  OT1/cmss/m/n --> T1/fve/m/n on input line 143.
LaTeX Font Info:    Redeclaring math alphabet \mathbf on input line 143.
LaTeX Font Info:    Overwriting math alphabet `\mathbf' in version `normal'
(Font)                  OT1/cmr/bx/n --> T1/fvs/b/n on input line 143.
LaTeX Font Info:    Overwriting math alphabet `\mathbf' in version `bold'
(Font)                  OT1/cmr/bx/n --> T1/fvs/b/n on input line 143.
LaTeX Font Info:    Redeclaring math alphabet \mathsf on input line 143.
LaTeX Font Info:    Overwriting math alphabet `\mathsf' in version `normal'
(Font)                  OT1/cmss/m/n --> T1/fvs/m/n on input line 143.
LaTeX Font Info:    Overwriting math alphabet `\mathsf' in version `bold'
(Font)                  OT1/cmss/bx/n --> T1/fvs/m/n on input line 143.
LaTeX Font Info:    Redeclaring math alphabet \mathit on input line 143.
LaTeX Font Info:    Overwriting math alphabet `\mathit' in version `normal'
(Font)                  OT1/cmr/m/it --> T1/fvs/m/it on input line 143.
LaTeX Font Info:    Overwriting math alphabet `\mathit' in version `bold'
(Font)                  OT1/cmr/bx/it --> T1/fvs/m/it on input line 143.
LaTeX Font Info:    Redeclaring math alphabet \mathtt on input line 143.
LaTeX Font Info:    Overwriting math alphabet `\mathtt' in version `normal'
(Font)                  OT1/cmtt/m/n --> T1/fvm/m/n on input line 143.
LaTeX Font Info:    Overwriting math alphabet `\mathtt' in version `bold'
(Font)                  OT1/cmtt/m/n --> T1/fvm/m/n on input line 143.
LaTeX Font Info:    Overwriting symbol font `numbers' in version `bold'
(Font)                  T1/fvs/m/n --> T1/fvs/b/n on input line 143.
LaTeX Font Info:    Overwriting symbol font `pureletters' in version `bold'
(Font)                  T1/fvs/m/it --> T1/fvs/b/it on input line 143.
LaTeX Font Info:    Overwriting math alphabet `\mathrm' in version `bold'
(Font)                  OT1/cmss/b/n --> T1/fve/b/n on input line 143.
LaTeX Font Info:    Overwriting math alphabet `\mathbf' in version `bold'
(Font)                  T1/fvs/b/n --> T1/fvs/b/n on input line 143.
LaTeX Font Info:    Overwriting math alphabet `\mathsf' in version `bold'
(Font)                  T1/fvs/m/n --> T1/fvs/b/n on input line 143.
LaTeX Font Info:    Overwriting math alphabet `\mathit' in version `bold'
(Font)                  T1/fvs/m/it --> T1/fvs/b/it on input line 143.
LaTeX Font Info:    Overwriting math alphabet `\mathtt' in version `bold'
(Font)                  T1/fvm/m/n --> T1/fvm/b/n on input line 143.
\symboldpureletters=\mathgroup9
 (c:/texlive/2024/texmf-dist/tex/latex/translator/translator-basic-dictionary-English.dict
Dictionary: translator-basic-dictionary, Language: English 
) (c:/texlive/2024/texmf-dist/tex/latex/translator/translator-bibliography-dictionary-English.dict
Dictionary: translator-bibliography-dictionary, Language: English 
) (c:/texlive/2024/texmf-dist/tex/latex/translator/translator-environment-dictionary-English.dict
Dictionary: translator-environment-dictionary, Language: English 
) (c:/texlive/2024/texmf-dist/tex/latex/translator/translator-months-dictionary-English.dict
Dictionary: translator-months-dictionary, Language: English 
) (c:/texlive/2024/texmf-dist/tex/latex/translator/translator-numbers-dictionary-English.dict
Dictionary: translator-numbers-dictionary, Language: English 
) (c:/texlive/2024/texmf-dist/tex/latex/translator/translator-theorem-dictionary-English.dict
Dictionary: translator-theorem-dictionary, Language: English 
)
LaTeX Info: Redefining \degres on input line 143.
LaTeX Info: Redefining \up on input line 143.
Package caption Info: Begin \AtBeginDocument code.
Package caption Info: wrapfig package is loaded.
Package caption Info: End \AtBeginDocument code.

Package pgfplots notification 'compat/show suggested version=true': you might benefit from \pgfplotsset{compat=1.18} (current compat level: 1.3).

(./main.nav)
LaTeX Font Info:    Font shape `T1/fvs/m/n' will be
(Font)              scaled to size 5.39996pt on input line 143.
<Figures/logo-tp-ipp.pdf, id=69, 175.48862pt x 270.80571pt>
File: Figures/logo-tp-ipp.pdf Graphic file (type pdf)
<use Figures/logo-tp-ipp.pdf>
Package pdftex.def Info: Figures/logo-tp-ipp.pdf  used on input line 143.
(pdftex.def)             Requested size: 28.5768pt x 44.10141pt.
LaTeX Font Info:    Font shape `T1/fvs/m/n' will be
(Font)              scaled to size 4.49997pt on input line 143.
LaTeX Font Info:    Font shape `T1/fvs/m/n' will be
(Font)              scaled to size 3.59998pt on input line 143.
File: Figures/logo-tp-ipp.pdf Graphic file (type pdf)
<use Figures/logo-tp-ipp.pdf>
Package pdftex.def Info: Figures/logo-tp-ipp.pdf  used on input line 147.
(pdftex.def)             Requested size: 28.5768pt x 44.10141pt.
LaTeX Font Info:    Font shape `T1/fvs/b/n' will be
(Font)              scaled to size 15.2999pt on input line 147.
LaTeX Font Info:    Font shape `T1/fvs/m/n' will be
(Font)              scaled to size 7.19995pt on input line 147.
LaTeX Font Info:    Font shape `T1/fvs/b/n' will be
(Font)              scaled to size 9.85492pt on input line 147.
<Figures/tp.pdf, id=73, 164.00774pt x 164.00671pt>
File: Figures/tp.pdf Graphic file (type pdf)
<use Figures/tp.pdf>
Package pdftex.def Info: Figures/tp.pdf  used on input line 147.
(pdftex.def)             Requested size: 34.14232pt x 34.1433pt.


File: Figures/logo-tp-ipp.pdf Graphic file (type pdf)
<use Figures/logo-tp-ipp.pdf>
Package pdftex.def Info: Figures/logo-tp-ipp.pdf  used on input line 147.
(pdftex.def)             Requested size: 28.5768pt x 44.10141pt.
[1

{c:/texlive/2024/texmf-var/fonts/map/pdftex/updmap/pdftex.map}{c:/texlive/2024/texmf-dist/fonts/enc/dvips/base/8r.enc} <./Figures/tp.pdf> <./Figures/logo-tp-ipp.pdf

pdfTeX warning: pdflatex.exe (file ./Figures/logo-tp-ipp.pdf): PDF inclusion: multiple pdfs with page group included in a single page
>]
File: Figures/logo-tp-ipp.pdf Graphic file (type pdf)
<use Figures/logo-tp-ipp.pdf>
Package pdftex.def Info: Figures/logo-tp-ipp.pdf  used on input line 206.
(pdftex.def)             Requested size: 28.5768pt x 44.10141pt.
LaTeX Font Info:    Font shape `T1/fvs/b/n' will be
(Font)              scaled to size 11.24992pt on input line 206.


File: Figures/logo-tp-ipp.pdf Graphic file (type pdf)
<use Figures/logo-tp-ipp.pdf>
Package pdftex.def Info: Figures/logo-tp-ipp.pdf  used on input line 206.
(pdftex.def)             Requested size: 28.5768pt x 44.10141pt.
[2

]
File: Figures/logo-tp-ipp.pdf Graphic file (type pdf)
<use Figures/logo-tp-ipp.pdf>
Package pdftex.def Info: Figures/logo-tp-ipp.pdf  used on input line 213.
(pdftex.def)             Requested size: 28.5768pt x 44.10141pt.
 (./main.toc)

File: Figures/logo-tp-ipp.pdf Graphic file (type pdf)
<use Figures/logo-tp-ipp.pdf>
Package pdftex.def Info: Figures/logo-tp-ipp.pdf  used on input line 213.
(pdftex.def)             Requested size: 28.5768pt x 44.10141pt.
[3

]
File: Figures/logo-tp-ipp.pdf Graphic file (type pdf)
<use Figures/logo-tp-ipp.pdf>
Package pdftex.def Info: Figures/logo-tp-ipp.pdf  used on input line 247.
(pdftex.def)             Requested size: 28.5768pt x 44.10141pt.
<Figures/PassiveRIS.png, id=119, 871.75688pt x 697.10437pt>
File: Figures/PassiveRIS.png Graphic file (type png)
<use Figures/PassiveRIS.png>
Package pdftex.def Info: Figures/PassiveRIS.png  used on input line 247.
(pdftex.def)             Requested size: 216.74202pt x 173.31833pt.


File: Figures/logo-tp-ipp.pdf Graphic file (type pdf)
<use Figures/logo-tp-ipp.pdf>
Package pdftex.def Info: Figures/logo-tp-ipp.pdf  used on input line 247.
(pdftex.def)             Requested size: 28.5768pt x 44.10141pt.
[4

 <./Figures/PassiveRIS.png>]
File: Figures/PassiveRIS.png Graphic file (type png)
<use Figures/PassiveRIS.png>
Package pdftex.def Info: Figures/PassiveRIS.png  used on input line 247.
(pdftex.def)             Requested size: 216.74202pt x 173.31833pt.


File: Figures/logo-tp-ipp.pdf Graphic file (type pdf)
<use Figures/logo-tp-ipp.pdf>
Package pdftex.def Info: Figures/logo-tp-ipp.pdf  used on input line 247.
(pdftex.def)             Requested size: 28.5768pt x 44.10141pt.
[5

]
File: Figures/PassiveRIS.png Graphic file (type png)
<use Figures/PassiveRIS.png>
Package pdftex.def Info: Figures/PassiveRIS.png  used on input line 247.
(pdftex.def)             Requested size: 216.74202pt x 173.31833pt.


File: Figures/logo-tp-ipp.pdf Graphic file (type pdf)
<use Figures/logo-tp-ipp.pdf>
Package pdftex.def Info: Figures/logo-tp-ipp.pdf  used on input line 247.
(pdftex.def)             Requested size: 28.5768pt x 44.10141pt.
[6

]
File: Figures/PassiveRIS.png Graphic file (type png)
<use Figures/PassiveRIS.png>
Package pdftex.def Info: Figures/PassiveRIS.png  used on input line 247.
(pdftex.def)             Requested size: 216.74202pt x 173.31833pt.


File: Figures/logo-tp-ipp.pdf Graphic file (type pdf)
<use Figures/logo-tp-ipp.pdf>
Package pdftex.def Info: Figures/logo-tp-ipp.pdf  used on input line 247.
(pdftex.def)             Requested size: 28.5768pt x 44.10141pt.
[7

]
File: Figures/logo-tp-ipp.pdf Graphic file (type pdf)
<use Figures/logo-tp-ipp.pdf>
Package pdftex.def Info: Figures/logo-tp-ipp.pdf  used on input line 292.
(pdftex.def)             Requested size: 28.5768pt x 44.10141pt.
<Figures/System_setup.png, id=147, 730.98094pt x 565.36218pt>
File: Figures/System_setup.png Graphic file (type png)
<use Figures/System_setup.png>
Package pdftex.def Info: Figures/System_setup.png  used on input line 292.
(pdftex.def)             Requested size: 216.74202pt x 167.63443pt.
LaTeX Font Info:    Trying to load font information for U+msa on input line 292.
 (c:/texlive/2024/texmf-dist/tex/latex/amsfonts/umsa.fd
File: umsa.fd 2013/01/14 v3.01 AMS symbols A
)
LaTeX Font Info:    Trying to load font information for U+msb on input line 292.
 (c:/texlive/2024/texmf-dist/tex/latex/amsfonts/umsb.fd
File: umsb.fd 2013/01/14 v3.01 AMS symbols B
)
LaTeX Font Info:    Trying to load font information for U+stmry on input line 292.
 (c:/texlive/2024/texmf-dist/tex/latex/stmaryrd/Ustmry.fd)
LaTeX Font Info:    Font shape `T1/fvs/m/it' will be
(Font)              scaled to size 9.85492pt on input line 292.
LaTeX Font Info:    Font shape `T1/fvs/m/it' will be
(Font)              scaled to size 7.19995pt on input line 292.
LaTeX Font Info:    Font shape `T1/fvs/m/it' will be
(Font)              scaled to size 5.39996pt on input line 292.
LaTeX Font Info:    Font shape `T1/fvs/bx/it' in size <10.95> not available
(Font)              Font shape `T1/fvs/b/it' tried instead on input line 292.
LaTeX Font Info:    Font shape `T1/fvs/b/it' will be
(Font)              scaled to size 9.85492pt on input line 292.
LaTeX Font Info:    Font shape `T1/fvs/bx/it' in size <8> not available
(Font)              Font shape `T1/fvs/b/it' tried instead on input line 292.
LaTeX Font Info:    Font shape `T1/fvs/b/it' will be
(Font)              scaled to size 7.19995pt on input line 292.
LaTeX Font Info:    Font shape `T1/fvs/bx/it' in size <6> not available
(Font)              Font shape `T1/fvs/b/it' tried instead on input line 292.
LaTeX Font Info:    Font shape `T1/fvs/b/it' will be
(Font)              scaled to size 5.39996pt on input line 292.
LaTeX Font Info:    Trying to load font information for T1+fve on input line 292.
 (c:/texlive/2024/texmf-dist/tex/latex/bera/t1fve.fd
File: t1fve.fd 2004/09/07 scalable font definitions for T1/fve.
)
LaTeX Font Info:    Font shape `T1/fve/m/n' will be
(Font)              scaled to size 9.85492pt on input line 292.
LaTeX Font Info:    Font shape `T1/fve/m/n' will be
(Font)              scaled to size 7.19995pt on input line 292.
LaTeX Font Info:    Font shape `T1/fve/m/n' will be
(Font)              scaled to size 5.39996pt on input line 292.


Package amsfonts Warning: Obsolete command \bold; \mathbf should be used instead on input line 292.

LaTeX Font Info:    Font shape `T1/fvs/b/n' will be
(Font)              scaled to size 7.19995pt on input line 292.
LaTeX Font Info:    Font shape `T1/fvs/b/n' will be
(Font)              scaled to size 5.39996pt on input line 292.


File: Figures/logo-tp-ipp.pdf Graphic file (type pdf)
<use Figures/logo-tp-ipp.pdf>
Package pdftex.def Info: Figures/logo-tp-ipp.pdf  used on input line 292.
(pdftex.def)             Requested size: 28.5768pt x 44.10141pt.
[8

 <./Figures/System_setup.png>]
File: Figures/System_setup.png Graphic file (type png)
<use Figures/System_setup.png>
Package pdftex.def Info: Figures/System_setup.png  used on input line 292.
(pdftex.def)             Requested size: 216.74202pt x 167.63443pt.


File: Figures/logo-tp-ipp.pdf Graphic file (type pdf)
<use Figures/logo-tp-ipp.pdf>
Package pdftex.def Info: Figures/logo-tp-ipp.pdf  used on input line 292.
(pdftex.def)             Requested size: 28.5768pt x 44.10141pt.
[9

]
File: Figures/System_setup.png Graphic file (type png)
<use Figures/System_setup.png>
Package pdftex.def Info: Figures/System_setup.png  used on input line 292.
(pdftex.def)             Requested size: 216.74202pt x 167.63443pt.


File: Figures/logo-tp-ipp.pdf Graphic file (type pdf)
<use Figures/logo-tp-ipp.pdf>
Package pdftex.def Info: Figures/logo-tp-ipp.pdf  used on input line 292.
(pdftex.def)             Requested size: 28.5768pt x 44.10141pt.
[10

]
File: Figures/System_setup.png Graphic file (type png)
<use Figures/System_setup.png>
Package pdftex.def Info: Figures/System_setup.png  used on input line 292.
(pdftex.def)             Requested size: 216.74202pt x 167.63443pt.


File: Figures/logo-tp-ipp.pdf Graphic file (type pdf)
<use Figures/logo-tp-ipp.pdf>
Package pdftex.def Info: Figures/logo-tp-ipp.pdf  used on input line 292.
(pdftex.def)             Requested size: 28.5768pt x 44.10141pt.
[11

]
<Figures/No_direct_link.png, id=179, 737.00343pt x 559.33969pt>
File: Figures/No_direct_link.png Graphic file (type png)
<use Figures/No_direct_link.png>
Package pdftex.def Info: Figures/No_direct_link.png  used on input line 292.
(pdftex.def)             Requested size: 216.74202pt x 164.49168pt.


File: Figures/logo-tp-ipp.pdf Graphic file (type pdf)
<use Figures/logo-tp-ipp.pdf>
Package pdftex.def Info: Figures/logo-tp-ipp.pdf  used on input line 292.
(pdftex.def)             Requested size: 28.5768pt x 44.10141pt.
[12

 <./Figures/No_direct_link.png>]
File: Figures/No_direct_link.png Graphic file (type png)
<use Figures/No_direct_link.png>
Package pdftex.def Info: Figures/No_direct_link.png  used on input line 292.
(pdftex.def)             Requested size: 216.74202pt x 164.49168pt.


File: Figures/logo-tp-ipp.pdf Graphic file (type pdf)
<use Figures/logo-tp-ipp.pdf>
Package pdftex.def Info: Figures/logo-tp-ipp.pdf  used on input line 292.
(pdftex.def)             Requested size: 28.5768pt x 44.10141pt.
[13

]
File: Figures/logo-tp-ipp.pdf Graphic file (type pdf)
<use Figures/logo-tp-ipp.pdf>
Package pdftex.def Info: Figures/logo-tp-ipp.pdf  used on input line 316.
(pdftex.def)             Requested size: 28.5768pt x 44.10141pt.
<Figures/system_setup_no_angles_no_h_d.png, id=196, 739.26187pt x 549.55313pt>
File: Figures/system_setup_no_angles_no_h_d.png Graphic file (type png)
<use Figures/system_setup_no_angles_no_h_d.png>
Package pdftex.def Info: Figures/system_setup_no_angles_no_h_d.png  used on input line 316.
(pdftex.def)             Requested size: 216.74202pt x 161.1189pt.
LaTeX Font Info:    Font shape `OT1/cmss/b/n' in size <10.95> not available
(Font)              Font shape `OT1/cmss/bx/n' tried instead on input line 316.
LaTeX Font Info:    Font shape `OT1/cmss/b/n' in size <8> not available
(Font)              Font shape `OT1/cmss/bx/n' tried instead on input line 316.
LaTeX Font Info:    Font shape `OT1/cmss/b/n' in size <6> not available
(Font)              Font shape `OT1/cmss/bx/n' tried instead on input line 316.


LaTeX Font Warning: Font shape `U/stmry/b/n' undefined
(Font)              using `U/stmry/m/n' instead on input line 316.

LaTeX Font Info:    Trying to load font information for U+dutchcal on input line 316.
(c:/texlive/2024/texmf-dist/tex/latex/dutchcal/udutchcal.fd
File: udutchcal.fd 2011/06/16 Fontinst v1.933 font definitions for U/dutchcal.
)
LaTeX Font Info:    Font shape `U/dutchcal/m/n' will be
(Font)              scaled to size 10.95pt on input line 316.
LaTeX Font Info:    Font shape `U/dutchcal/m/n' will be
(Font)              scaled to size 8.0pt on input line 316.
LaTeX Font Info:    Font shape `U/dutchcal/m/n' will be
(Font)              scaled to size 6.0pt on input line 316.


File: Figures/logo-tp-ipp.pdf Graphic file (type pdf)
<use Figures/logo-tp-ipp.pdf>
Package pdftex.def Info: Figures/logo-tp-ipp.pdf  used on input line 316.
(pdftex.def)             Requested size: 28.5768pt x 44.10141pt.
[14

 <./Figures/system_setup_no_angles_no_h_d.png>]
File: Figures/system_setup_no_angles_no_h_d.png Graphic file (type png)
<use Figures/system_setup_no_angles_no_h_d.png>
Package pdftex.def Info: Figures/system_setup_no_angles_no_h_d.png  used on input line 316.
(pdftex.def)             Requested size: 216.74202pt x 161.1189pt.


File: Figures/logo-tp-ipp.pdf Graphic file (type pdf)
<use Figures/logo-tp-ipp.pdf>
Package pdftex.def Info: Figures/logo-tp-ipp.pdf  used on input line 316.
(pdftex.def)             Requested size: 28.5768pt x 44.10141pt.
[15

]
File: Figures/logo-tp-ipp.pdf Graphic file (type pdf)
<use Figures/logo-tp-ipp.pdf>
Package pdftex.def Info: Figures/logo-tp-ipp.pdf  used on input line 330.
(pdftex.def)             Requested size: 28.5768pt x 44.10141pt.
LaTeX Font Info:    Font shape `T1/fvs/b/n' will be
(Font)              scaled to size 8.09995pt on input line 330.
LaTeX Font Info:    Calculating math sizes for size <12.5> on input line 330.


LaTeX Font Warning: Font shape `OT1/cmss/m/n' in size <12.5> not available
(Font)              size <12> substituted on input line 330.

LaTeX Font Info:    Font shape `T1/fve/m/n' will be
(Font)              scaled to size 11.24992pt on input line 330.
LaTeX Font Info:    Font shape `T1/fve/m/n' will be
(Font)              scaled to size 7.8749pt on input line 330.
LaTeX Font Info:    Font shape `T1/fve/m/n' will be
(Font)              scaled to size 5.62495pt on input line 330.

LaTeX Font Warning: Font shape `OML/cmm/m/it' in size <12.5> not available
(Font)              size <12> substituted on input line 330.


LaTeX Font Warning: Font shape `OMS/cmsy/m/n' in size <12.5> not available
(Font)              size <12> substituted on input line 330.

LaTeX Font Info:    Font shape `T1/fvs/b/n' will be
(Font)              scaled to size 7.8749pt on input line 330.
LaTeX Font Info:    Font shape `T1/fvs/b/n' will be
(Font)              scaled to size 5.62495pt on input line 330.

LaTeX Font Warning: Font shape `U/stmry/m/n' in size <12.5> not available
(Font)              size <12> substituted on input line 330.

LaTeX Font Info:    Font shape `T1/fvs/m/it' will be
(Font)              scaled to size 11.24992pt on input line 330.
LaTeX Font Info:    Font shape `T1/fvs/m/it' will be
(Font)              scaled to size 7.8749pt on input line 330.
LaTeX Font Info:    Font shape `T1/fvs/m/it' will be
(Font)              scaled to size 5.62495pt on input line 330.
LaTeX Font Info:    Font shape `U/dutchcal/m/n' will be
(Font)              scaled to size 12.5pt on input line 330.
LaTeX Font Info:    Font shape `U/dutchcal/m/n' will be
(Font)              scaled to size 8.74995pt on input line 330.
LaTeX Font Info:    Font shape `U/dutchcal/m/n' will be
(Font)              scaled to size 6.25pt on input line 330.
LaTeX Font Info:    Font shape `T1/fvs/m/n' will be
(Font)              scaled to size 11.24992pt on input line 330.
LaTeX Font Info:    Font shape `T1/fvs/m/n' will be
(Font)              scaled to size 7.8749pt on input line 330.
LaTeX Font Info:    Font shape `T1/fvs/m/n' will be
(Font)              scaled to size 5.62495pt on input line 330.
LaTeX Font Info:    Font shape `T1/fvs/bx/it' in size <12.5> not available
(Font)              Font shape `T1/fvs/b/it' tried instead on input line 330.
LaTeX Font Info:    Font shape `T1/fvs/b/it' will be
(Font)              scaled to size 11.24992pt on input line 330.
LaTeX Font Info:    Font shape `T1/fvs/bx/it' in size <8.74995> not available
(Font)              Font shape `T1/fvs/b/it' tried instead on input line 330.
LaTeX Font Info:    Font shape `T1/fvs/b/it' will be
(Font)              scaled to size 7.8749pt on input line 330.
LaTeX Font Info:    Font shape `T1/fvs/bx/it' in size <6.25> not available
(Font)              Font shape `T1/fvs/b/it' tried instead on input line 330.
LaTeX Font Info:    Font shape `T1/fvs/b/it' will be
(Font)              scaled to size 5.62495pt on input line 330.


File: Figures/logo-tp-ipp.pdf Graphic file (type pdf)
<use Figures/logo-tp-ipp.pdf>
Package pdftex.def Info: Figures/logo-tp-ipp.pdf  used on input line 330.
(pdftex.def)             Requested size: 28.5768pt x 44.10141pt.
[16

]

File: Figures/logo-tp-ipp.pdf Graphic file (type pdf)
<use Figures/logo-tp-ipp.pdf>
Package pdftex.def Info: Figures/logo-tp-ipp.pdf  used on input line 330.
(pdftex.def)             Requested size: 28.5768pt x 44.10141pt.
[17

]

File: Figures/logo-tp-ipp.pdf Graphic file (type pdf)
<use Figures/logo-tp-ipp.pdf>
Package pdftex.def Info: Figures/logo-tp-ipp.pdf  used on input line 330.
(pdftex.def)             Requested size: 28.5768pt x 44.10141pt.
[18

]

File: Figures/logo-tp-ipp.pdf Graphic file (type pdf)
<use Figures/logo-tp-ipp.pdf>
Package pdftex.def Info: Figures/logo-tp-ipp.pdf  used on input line 330.
(pdftex.def)             Requested size: 28.5768pt x 44.10141pt.
[19

]
File: Figures/logo-tp-ipp.pdf Graphic file (type pdf)
<use Figures/logo-tp-ipp.pdf>
Package pdftex.def Info: Figures/logo-tp-ipp.pdf  used on input line 387.
(pdftex.def)             Requested size: 28.5768pt x 44.10141pt.
LaTeX Font Info:    Font shape `T1/fvs/m/n' will be
(Font)              scaled to size 8.99994pt on input line 387.
LaTeX Font Info:    Font shape `T1/fvs/m/n' will be
(Font)              scaled to size 12.9599pt on input line 387.
LaTeX Font Info:    Trying to load font information for U+fontawesomefree3 on input line 387.
 (c:/texlive/2024/texmf-dist/tex/latex/fontawesome5/ufontawesomefree3.fd)
LaTeX Font Info:    Font shape `T1/fvs/m/it' will be
(Font)              scaled to size 8.09995pt on input line 387.


File: Figures/logo-tp-ipp.pdf Graphic file (type pdf)
<use Figures/logo-tp-ipp.pdf>
Package pdftex.def Info: Figures/logo-tp-ipp.pdf  used on input line 387.
(pdftex.def)             Requested size: 28.5768pt x 44.10141pt.
[20

{c:/texlive/2024/texmf-dist/fonts/enc/dvips/fontawesome5/fa5free3.enc}]

File: Figures/logo-tp-ipp.pdf Graphic file (type pdf)
<use Figures/logo-tp-ipp.pdf>
Package pdftex.def Info: Figures/logo-tp-ipp.pdf  used on input line 387.
(pdftex.def)             Requested size: 28.5768pt x 44.10141pt.
[21

]

File: Figures/logo-tp-ipp.pdf Graphic file (type pdf)
<use Figures/logo-tp-ipp.pdf>
Package pdftex.def Info: Figures/logo-tp-ipp.pdf  used on input line 387.
(pdftex.def)             Requested size: 28.5768pt x 44.10141pt.
[22

]
LaTeX Font Info:    Font shape `T1/fvs/m/n' will be
(Font)              scaled to size 8.09995pt on input line 387.


File: Figures/logo-tp-ipp.pdf Graphic file (type pdf)
<use Figures/logo-tp-ipp.pdf>
Package pdftex.def Info: Figures/logo-tp-ipp.pdf  used on input line 387.
(pdftex.def)             Requested size: 28.5768pt x 44.10141pt.
[23

]

File: Figures/logo-tp-ipp.pdf Graphic file (type pdf)
<use Figures/logo-tp-ipp.pdf>
Package pdftex.def Info: Figures/logo-tp-ipp.pdf  used on input line 387.
(pdftex.def)             Requested size: 28.5768pt x 44.10141pt.
[24

]
LaTeX Font Info:    Font shape `T1/fve/m/n' will be
(Font)              scaled to size 8.09995pt on input line 387.
LaTeX Font Info:    Font shape `T1/fve/m/n' will be
(Font)              scaled to size 4.49997pt on input line 387.
LaTeX Font Info:    Font shape `T1/fvs/b/n' will be
(Font)              scaled to size 4.49997pt on input line 387.
LaTeX Font Info:    Font shape `T1/fvs/m/it' will be
(Font)              scaled to size 4.49997pt on input line 387.
LaTeX Font Info:    Font shape `U/dutchcal/m/n' will be
(Font)              scaled to size 9.0pt on input line 387.
LaTeX Font Info:    Font shape `U/dutchcal/m/n' will be
(Font)              scaled to size 5.0pt on input line 387.
LaTeX Font Info:    Font shape `T1/fvs/bx/it' in size <9> not available
(Font)              Font shape `T1/fvs/b/it' tried instead on input line 387.
LaTeX Font Info:    Font shape `T1/fvs/b/it' will be
(Font)              scaled to size 8.09995pt on input line 387.
LaTeX Font Info:    Font shape `T1/fvs/bx/it' in size <5> not available
(Font)              Font shape `T1/fvs/b/it' tried instead on input line 387.
LaTeX Font Info:    Font shape `T1/fvs/b/it' will be
(Font)              scaled to size 4.49997pt on input line 387.


File: Figures/logo-tp-ipp.pdf Graphic file (type pdf)
<use Figures/logo-tp-ipp.pdf>
Package pdftex.def Info: Figures/logo-tp-ipp.pdf  used on input line 387.
(pdftex.def)             Requested size: 28.5768pt x 44.10141pt.
[25

]

File: Figures/logo-tp-ipp.pdf Graphic file (type pdf)
<use Figures/logo-tp-ipp.pdf>
Package pdftex.def Info: Figures/logo-tp-ipp.pdf  used on input line 387.
(pdftex.def)             Requested size: 28.5768pt x 44.10141pt.
[26

]
File: Figures/logo-tp-ipp.pdf Graphic file (type pdf)
<use Figures/logo-tp-ipp.pdf>
Package pdftex.def Info: Figures/logo-tp-ipp.pdf  used on input line 407.
(pdftex.def)             Requested size: 28.5768pt x 44.10141pt.


File: Figures/logo-tp-ipp.pdf Graphic file (type pdf)
<use Figures/logo-tp-ipp.pdf>
Package pdftex.def Info: Figures/logo-tp-ipp.pdf  used on input line 407.
(pdftex.def)             Requested size: 28.5768pt x 44.10141pt.
[27

]

File: Figures/logo-tp-ipp.pdf Graphic file (type pdf)
<use Figures/logo-tp-ipp.pdf>
Package pdftex.def Info: Figures/logo-tp-ipp.pdf  used on input line 407.
(pdftex.def)             Requested size: 28.5768pt x 44.10141pt.
[28

]

File: Figures/logo-tp-ipp.pdf Graphic file (type pdf)
<use Figures/logo-tp-ipp.pdf>
Package pdftex.def Info: Figures/logo-tp-ipp.pdf  used on input line 407.
(pdftex.def)             Requested size: 28.5768pt x 44.10141pt.
[29

]

File: Figures/logo-tp-ipp.pdf Graphic file (type pdf)
<use Figures/logo-tp-ipp.pdf>
Package pdftex.def Info: Figures/logo-tp-ipp.pdf  used on input line 407.
(pdftex.def)             Requested size: 28.5768pt x 44.10141pt.
[30

]

File: Figures/logo-tp-ipp.pdf Graphic file (type pdf)
<use Figures/logo-tp-ipp.pdf>
Package pdftex.def Info: Figures/logo-tp-ipp.pdf  used on input line 407.
(pdftex.def)             Requested size: 28.5768pt x 44.10141pt.
[31

]

File: Figures/logo-tp-ipp.pdf Graphic file (type pdf)
<use Figures/logo-tp-ipp.pdf>
Package pdftex.def Info: Figures/logo-tp-ipp.pdf  used on input line 407.
(pdftex.def)             Requested size: 28.5768pt x 44.10141pt.
[32

]

File: Figures/logo-tp-ipp.pdf Graphic file (type pdf)
<use Figures/logo-tp-ipp.pdf>
Package pdftex.def Info: Figures/logo-tp-ipp.pdf  used on input line 407.
(pdftex.def)             Requested size: 28.5768pt x 44.10141pt.
[33

]
File: Figures/logo-tp-ipp.pdf Graphic file (type pdf)
<use Figures/logo-tp-ipp.pdf>
Package pdftex.def Info: Figures/logo-tp-ipp.pdf  used on input line 456.
(pdftex.def)             Requested size: 28.5768pt x 44.10141pt.
LaTeX Font Info:    Font shape `T1/fvs/b/n' will be
(Font)              scaled to size 8.99994pt on input line 456.
LaTeX Font Info:    Font shape `T1/fve/m/n' will be
(Font)              scaled to size 8.99994pt on input line 456.
LaTeX Font Info:    Font shape `T1/fve/m/n' will be
(Font)              scaled to size 6.29996pt on input line 456.
LaTeX Font Info:    Font shape `T1/fvs/b/n' will be
(Font)              scaled to size 6.29996pt on input line 456.
LaTeX Font Info:    Font shape `T1/fvs/m/it' will be
(Font)              scaled to size 8.99994pt on input line 456.
LaTeX Font Info:    Font shape `T1/fvs/m/it' will be
(Font)              scaled to size 6.29996pt on input line 456.
LaTeX Font Info:    Font shape `U/dutchcal/m/n' will be
(Font)              scaled to size 10.0pt on input line 456.
LaTeX Font Info:    Font shape `U/dutchcal/m/n' will be
(Font)              scaled to size 7.0pt on input line 456.
LaTeX Font Info:    Font shape `T1/fvs/m/n' will be
(Font)              scaled to size 6.29996pt on input line 456.
LaTeX Font Info:    Font shape `T1/fvs/bx/it' in size <10> not available
(Font)              Font shape `T1/fvs/b/it' tried instead on input line 456.
LaTeX Font Info:    Font shape `T1/fvs/b/it' will be
(Font)              scaled to size 8.99994pt on input line 456.
LaTeX Font Info:    Font shape `T1/fvs/bx/it' in size <7> not available
(Font)              Font shape `T1/fvs/b/it' tried instead on input line 456.
LaTeX Font Info:    Font shape `T1/fvs/b/it' will be
(Font)              scaled to size 6.29996pt on input line 456.
LaTeX Font Info:    Font shape `OT1/cmss/b/n' in size <9> not available
(Font)              Font shape `OT1/cmss/bx/n' tried instead on input line 456.
LaTeX Font Info:    Font shape `OT1/cmss/b/n' in size <5> not available
(Font)              Font shape `OT1/cmss/bx/n' tried instead on input line 456.


File: Figures/logo-tp-ipp.pdf Graphic file (type pdf)
<use Figures/logo-tp-ipp.pdf>
Package pdftex.def Info: Figures/logo-tp-ipp.pdf  used on input line 456.
(pdftex.def)             Requested size: 28.5768pt x 44.10141pt.
[34

]

File: Figures/logo-tp-ipp.pdf Graphic file (type pdf)
<use Figures/logo-tp-ipp.pdf>
Package pdftex.def Info: Figures/logo-tp-ipp.pdf  used on input line 456.
(pdftex.def)             Requested size: 28.5768pt x 44.10141pt.
[35

]

File: Figures/logo-tp-ipp.pdf Graphic file (type pdf)
<use Figures/logo-tp-ipp.pdf>
Package pdftex.def Info: Figures/logo-tp-ipp.pdf  used on input line 456.
(pdftex.def)             Requested size: 28.5768pt x 44.10141pt.
[36

]

File: Figures/logo-tp-ipp.pdf Graphic file (type pdf)
<use Figures/logo-tp-ipp.pdf>
Package pdftex.def Info: Figures/logo-tp-ipp.pdf  used on input line 456.
(pdftex.def)             Requested size: 28.5768pt x 44.10141pt.
[37

]
File: Figures/logo-tp-ipp.pdf Graphic file (type pdf)
<use Figures/logo-tp-ipp.pdf>
Package pdftex.def Info: Figures/logo-tp-ipp.pdf  used on input line 506.
(pdftex.def)             Requested size: 28.5768pt x 44.10141pt.
LaTeX Font Info:    Font shape `T1/fvs/m/n' will be
(Font)              scaled to size 10.79993pt on input line 506.
LaTeX Font Info:    Font shape `T1/fve/m/n' will be
(Font)              scaled to size 12.9599pt on input line 506.
LaTeX Font Info:    Font shape `T1/fvs/b/n' will be
(Font)              scaled to size 12.9599pt on input line 506.
LaTeX Font Info:    Font shape `T1/fvs/m/it' will be
(Font)              scaled to size 12.9599pt on input line 506.
LaTeX Font Info:    Font shape `U/dutchcal/m/n' will be
(Font)              scaled to size 14.4pt on input line 506.
LaTeX Font Info:    Font shape `T1/fvs/bx/it' in size <14.4> not available
(Font)              Font shape `T1/fvs/b/it' tried instead on input line 506.
LaTeX Font Info:    Font shape `T1/fvs/b/it' will be
(Font)              scaled to size 12.9599pt on input line 506.


File: Figures/logo-tp-ipp.pdf Graphic file (type pdf)
<use Figures/logo-tp-ipp.pdf>
Package pdftex.def Info: Figures/logo-tp-ipp.pdf  used on input line 506.
(pdftex.def)             Requested size: 28.5768pt x 44.10141pt.
[38

]

File: Figures/logo-tp-ipp.pdf Graphic file (type pdf)
<use Figures/logo-tp-ipp.pdf>
Package pdftex.def Info: Figures/logo-tp-ipp.pdf  used on input line 506.
(pdftex.def)             Requested size: 28.5768pt x 44.10141pt.
[39

]

File: Figures/logo-tp-ipp.pdf Graphic file (type pdf)
<use Figures/logo-tp-ipp.pdf>
Package pdftex.def Info: Figures/logo-tp-ipp.pdf  used on input line 506.
(pdftex.def)             Requested size: 28.5768pt x 44.10141pt.
[40

]

File: Figures/logo-tp-ipp.pdf Graphic file (type pdf)
<use Figures/logo-tp-ipp.pdf>
Package pdftex.def Info: Figures/logo-tp-ipp.pdf  used on input line 506.
(pdftex.def)             Requested size: 28.5768pt x 44.10141pt.
[41

]
File: Figures/logo-tp-ipp.pdf Graphic file (type pdf)
<use Figures/logo-tp-ipp.pdf>
Package pdftex.def Info: Figures/logo-tp-ipp.pdf  used on input line 581.
(pdftex.def)             Requested size: 28.5768pt x 44.10141pt.


File: Figures/logo-tp-ipp.pdf Graphic file (type pdf)
<use Figures/logo-tp-ipp.pdf>
Package pdftex.def Info: Figures/logo-tp-ipp.pdf  used on input line 581.
(pdftex.def)             Requested size: 28.5768pt x 44.10141pt.
[42

]

File: Figures/logo-tp-ipp.pdf Graphic file (type pdf)
<use Figures/logo-tp-ipp.pdf>
Package pdftex.def Info: Figures/logo-tp-ipp.pdf  used on input line 581.
(pdftex.def)             Requested size: 28.5768pt x 44.10141pt.
[43

]

File: Figures/logo-tp-ipp.pdf Graphic file (type pdf)
<use Figures/logo-tp-ipp.pdf>
Package pdftex.def Info: Figures/logo-tp-ipp.pdf  used on input line 581.
(pdftex.def)             Requested size: 28.5768pt x 44.10141pt.
[44

]

File: Figures/logo-tp-ipp.pdf Graphic file (type pdf)
<use Figures/logo-tp-ipp.pdf>
Package pdftex.def Info: Figures/logo-tp-ipp.pdf  used on input line 581.
(pdftex.def)             Requested size: 28.5768pt x 44.10141pt.
[45

]
File: Figures/logo-tp-ipp.pdf Graphic file (type pdf)
<use Figures/logo-tp-ipp.pdf>
Package pdftex.def Info: Figures/logo-tp-ipp.pdf  used on input line 615.
(pdftex.def)             Requested size: 28.5768pt x 44.10141pt.


File: Figures/logo-tp-ipp.pdf Graphic file (type pdf)
<use Figures/logo-tp-ipp.pdf>
Package pdftex.def Info: Figures/logo-tp-ipp.pdf  used on input line 615.
(pdftex.def)             Requested size: 28.5768pt x 44.10141pt.
[46

]

File: Figures/logo-tp-ipp.pdf Graphic file (type pdf)
<use Figures/logo-tp-ipp.pdf>
Package pdftex.def Info: Figures/logo-tp-ipp.pdf  used on input line 615.
(pdftex.def)             Requested size: 28.5768pt x 44.10141pt.
[47

]

File: Figures/logo-tp-ipp.pdf Graphic file (type pdf)
<use Figures/logo-tp-ipp.pdf>
Package pdftex.def Info: Figures/logo-tp-ipp.pdf  used on input line 615.
(pdftex.def)             Requested size: 28.5768pt x 44.10141pt.
[48

]
File: Figures/logo-tp-ipp.pdf Graphic file (type pdf)
<use Figures/logo-tp-ipp.pdf>
Package pdftex.def Info: Figures/logo-tp-ipp.pdf  used on input line 635.
(pdftex.def)             Requested size: 28.5768pt x 44.10141pt.
LaTeX Font Info:    Trying to load font information for TS1+fvs on input line 635.
 (c:/texlive/2024/texmf-dist/tex/latex/bera/ts1fvs.fd
File: ts1fvs.fd 2004/09/07 scalable font definitions for TS1/fvs.
)
LaTeX Font Info:    Font shape `TS1/fvs/m/n' will be
(Font)              scaled to size 8.99994pt on input line 635.


File: Figures/logo-tp-ipp.pdf Graphic file (type pdf)
<use Figures/logo-tp-ipp.pdf>
Package pdftex.def Info: Figures/logo-tp-ipp.pdf  used on input line 635.
(pdftex.def)             Requested size: 28.5768pt x 44.10141pt.
[49

]

File: Figures/logo-tp-ipp.pdf Graphic file (type pdf)
<use Figures/logo-tp-ipp.pdf>
Package pdftex.def Info: Figures/logo-tp-ipp.pdf  used on input line 635.
(pdftex.def)             Requested size: 28.5768pt x 44.10141pt.
[50

]
File: Figures/logo-tp-ipp.pdf Graphic file (type pdf)
<use Figures/logo-tp-ipp.pdf>
Package pdftex.def Info: Figures/logo-tp-ipp.pdf  used on input line 661.
(pdftex.def)             Requested size: 28.5768pt x 44.10141pt.

Overfull \vbox (6.07121pt too high) detected at line 661
 []



File: Figures/logo-tp-ipp.pdf Graphic file (type pdf)
<use Figures/logo-tp-ipp.pdf>
Package pdftex.def Info: Figures/logo-tp-ipp.pdf  used on input line 661.
(pdftex.def)             Requested size: 28.5768pt x 44.10141pt.
[51

]
Overfull \vbox (6.07121pt too high) detected at line 661
 []



File: Figures/logo-tp-ipp.pdf Graphic file (type pdf)
<use Figures/logo-tp-ipp.pdf>
Package pdftex.def Info: Figures/logo-tp-ipp.pdf  used on input line 661.
(pdftex.def)             Requested size: 28.5768pt x 44.10141pt.
[52

]
Overfull \vbox (6.07121pt too high) detected at line 661
 []



File: Figures/logo-tp-ipp.pdf Graphic file (type pdf)
<use Figures/logo-tp-ipp.pdf>
Package pdftex.def Info: Figures/logo-tp-ipp.pdf  used on input line 661.
(pdftex.def)             Requested size: 28.5768pt x 44.10141pt.
[53

]
Overfull \vbox (6.07121pt too high) detected at line 661
 []



File: Figures/logo-tp-ipp.pdf Graphic file (type pdf)
<use Figures/logo-tp-ipp.pdf>
Package pdftex.def Info: Figures/logo-tp-ipp.pdf  used on input line 661.
(pdftex.def)             Requested size: 28.5768pt x 44.10141pt.
[54

]
Overfull \vbox (6.07121pt too high) detected at line 661
 []



File: Figures/logo-tp-ipp.pdf Graphic file (type pdf)
<use Figures/logo-tp-ipp.pdf>
Package pdftex.def Info: Figures/logo-tp-ipp.pdf  used on input line 661.
(pdftex.def)             Requested size: 28.5768pt x 44.10141pt.
[55

]
Overfull \vbox (6.07121pt too high) detected at line 661
 []



File: Figures/logo-tp-ipp.pdf Graphic file (type pdf)
<use Figures/logo-tp-ipp.pdf>
Package pdftex.def Info: Figures/logo-tp-ipp.pdf  used on input line 661.
(pdftex.def)             Requested size: 28.5768pt x 44.10141pt.
[56

]
File: Figures/logo-tp-ipp.pdf Graphic file (type pdf)
<use Figures/logo-tp-ipp.pdf>
Package pdftex.def Info: Figures/logo-tp-ipp.pdf  used on input line 681.
(pdftex.def)             Requested size: 28.5768pt x 44.10141pt.


File: Figures/logo-tp-ipp.pdf Graphic file (type pdf)
<use Figures/logo-tp-ipp.pdf>
Package pdftex.def Info: Figures/logo-tp-ipp.pdf  used on input line 681.
(pdftex.def)             Requested size: 28.5768pt x 44.10141pt.
[57

]

File: Figures/logo-tp-ipp.pdf Graphic file (type pdf)
<use Figures/logo-tp-ipp.pdf>
Package pdftex.def Info: Figures/logo-tp-ipp.pdf  used on input line 681.
(pdftex.def)             Requested size: 28.5768pt x 44.10141pt.
[58

]
File: Figures/logo-tp-ipp.pdf Graphic file (type pdf)
<use Figures/logo-tp-ipp.pdf>
Package pdftex.def Info: Figures/logo-tp-ipp.pdf  used on input line 702.
(pdftex.def)             Requested size: 28.5768pt x 44.10141pt.


File: Figures/logo-tp-ipp.pdf Graphic file (type pdf)
<use Figures/logo-tp-ipp.pdf>
Package pdftex.def Info: Figures/logo-tp-ipp.pdf  used on input line 702.
(pdftex.def)             Requested size: 28.5768pt x 44.10141pt.
[59

]

File: Figures/logo-tp-ipp.pdf Graphic file (type pdf)
<use Figures/logo-tp-ipp.pdf>
Package pdftex.def Info: Figures/logo-tp-ipp.pdf  used on input line 702.
(pdftex.def)             Requested size: 28.5768pt x 44.10141pt.
[60

]
File: Figures/logo-tp-ipp.pdf Graphic file (type pdf)
<use Figures/logo-tp-ipp.pdf>
Package pdftex.def Info: Figures/logo-tp-ipp.pdf  used on input line 780.
(pdftex.def)             Requested size: 28.5768pt x 44.10141pt.

Overfull \hbox (0.58449pt too wide) in paragraph at lines 780--780
[] 
 []



File: Figures/logo-tp-ipp.pdf Graphic file (type pdf)
<use Figures/logo-tp-ipp.pdf>
Package pdftex.def Info: Figures/logo-tp-ipp.pdf  used on input line 780.
(pdftex.def)             Requested size: 28.5768pt x 44.10141pt.
[61

]
Overfull \hbox (0.58449pt too wide) in paragraph at lines 780--780
[] 
 []


Overfull \hbox (21.8765pt too wide) in paragraph at lines 780--780
[] 
 []



File: Figures/logo-tp-ipp.pdf Graphic file (type pdf)
<use Figures/logo-tp-ipp.pdf>
Package pdftex.def Info: Figures/logo-tp-ipp.pdf  used on input line 780.
(pdftex.def)             Requested size: 28.5768pt x 44.10141pt.
[62

]
File: Figures/logo-tp-ipp.pdf Graphic file (type pdf)
<use Figures/logo-tp-ipp.pdf>
Package pdftex.def Info: Figures/logo-tp-ipp.pdf  used on input line 800.
(pdftex.def)             Requested size: 28.5768pt x 44.10141pt.


File: Figures/logo-tp-ipp.pdf Graphic file (type pdf)
<use Figures/logo-tp-ipp.pdf>
Package pdftex.def Info: Figures/logo-tp-ipp.pdf  used on input line 800.
(pdftex.def)             Requested size: 28.5768pt x 44.10141pt.
[63

]

File: Figures/logo-tp-ipp.pdf Graphic file (type pdf)
<use Figures/logo-tp-ipp.pdf>
Package pdftex.def Info: Figures/logo-tp-ipp.pdf  used on input line 800.
(pdftex.def)             Requested size: 28.5768pt x 44.10141pt.
[64

]
File: Figures/logo-tp-ipp.pdf Graphic file (type pdf)
<use Figures/logo-tp-ipp.pdf>
Package pdftex.def Info: Figures/logo-tp-ipp.pdf  used on input line 821.
(pdftex.def)             Requested size: 28.5768pt x 44.10141pt.


File: Figures/logo-tp-ipp.pdf Graphic file (type pdf)
<use Figures/logo-tp-ipp.pdf>
Package pdftex.def Info: Figures/logo-tp-ipp.pdf  used on input line 821.
(pdftex.def)             Requested size: 28.5768pt x 44.10141pt.
[65

]

File: Figures/logo-tp-ipp.pdf Graphic file (type pdf)
<use Figures/logo-tp-ipp.pdf>
Package pdftex.def Info: Figures/logo-tp-ipp.pdf  used on input line 821.
(pdftex.def)             Requested size: 28.5768pt x 44.10141pt.
[66

]
File: Figures/logo-tp-ipp.pdf Graphic file (type pdf)
<use Figures/logo-tp-ipp.pdf>
Package pdftex.def Info: Figures/logo-tp-ipp.pdf  used on input line 846.
(pdftex.def)             Requested size: 28.5768pt x 44.10141pt.


File: Figures/logo-tp-ipp.pdf Graphic file (type pdf)
<use Figures/logo-tp-ipp.pdf>
Package pdftex.def Info: Figures/logo-tp-ipp.pdf  used on input line 846.
(pdftex.def)             Requested size: 28.5768pt x 44.10141pt.
[67

]

File: Figures/logo-tp-ipp.pdf Graphic file (type pdf)
<use Figures/logo-tp-ipp.pdf>
Package pdftex.def Info: Figures/logo-tp-ipp.pdf  used on input line 846.
(pdftex.def)             Requested size: 28.5768pt x 44.10141pt.
[68

]
File: Figures/logo-tp-ipp.pdf Graphic file (type pdf)
<use Figures/logo-tp-ipp.pdf>
Package pdftex.def Info: Figures/logo-tp-ipp.pdf  used on input line 866.
(pdftex.def)             Requested size: 28.5768pt x 44.10141pt.


File: Figures/logo-tp-ipp.pdf Graphic file (type pdf)
<use Figures/logo-tp-ipp.pdf>
Package pdftex.def Info: Figures/logo-tp-ipp.pdf  used on input line 866.
(pdftex.def)             Requested size: 28.5768pt x 44.10141pt.
[69

]

File: Figures/logo-tp-ipp.pdf Graphic file (type pdf)
<use Figures/logo-tp-ipp.pdf>
Package pdftex.def Info: Figures/logo-tp-ipp.pdf  used on input line 866.
(pdftex.def)             Requested size: 28.5768pt x 44.10141pt.
[70

]

File: Figures/logo-tp-ipp.pdf Graphic file (type pdf)
<use Figures/logo-tp-ipp.pdf>
Package pdftex.def Info: Figures/logo-tp-ipp.pdf  used on input line 866.
(pdftex.def)             Requested size: 28.5768pt x 44.10141pt.
[71

]

File: Figures/logo-tp-ipp.pdf Graphic file (type pdf)
<use Figures/logo-tp-ipp.pdf>
Package pdftex.def Info: Figures/logo-tp-ipp.pdf  used on input line 866.
(pdftex.def)             Requested size: 28.5768pt x 44.10141pt.
[72

]
File: Figures/logo-tp-ipp.pdf Graphic file (type pdf)
<use Figures/logo-tp-ipp.pdf>
Package pdftex.def Info: Figures/logo-tp-ipp.pdf  used on input line 879.
(pdftex.def)             Requested size: 28.5768pt x 44.10141pt.
<Tikz/dqn.pdf, id=599, 329.72585pt x 130.21147pt>
File: Tikz/dqn.pdf Graphic file (type pdf)
<use Tikz/dqn.pdf>
Package pdftex.def Info: Tikz/dqn.pdf  used on input line 879.
(pdftex.def)             Requested size: 281.76198pt x 111.27037pt.


File: Figures/logo-tp-ipp.pdf Graphic file (type pdf)
<use Figures/logo-tp-ipp.pdf>
Package pdftex.def Info: Figures/logo-tp-ipp.pdf  used on input line 879.
(pdftex.def)             Requested size: 28.5768pt x 44.10141pt.
[73

 <./Tikz/dqn.pdf>]
File: Figures/logo-tp-ipp.pdf Graphic file (type pdf)
<use Figures/logo-tp-ipp.pdf>
Package pdftex.def Info: Figures/logo-tp-ipp.pdf  used on input line 898.
(pdftex.def)             Requested size: 28.5768pt x 44.10141pt.


File: Figures/logo-tp-ipp.pdf Graphic file (type pdf)
<use Figures/logo-tp-ipp.pdf>
Package pdftex.def Info: Figures/logo-tp-ipp.pdf  used on input line 898.
(pdftex.def)             Requested size: 28.5768pt x 44.10141pt.
[74

]

File: Figures/logo-tp-ipp.pdf Graphic file (type pdf)
<use Figures/logo-tp-ipp.pdf>
Package pdftex.def Info: Figures/logo-tp-ipp.pdf  used on input line 898.
(pdftex.def)             Requested size: 28.5768pt x 44.10141pt.
[75

]

File: Figures/logo-tp-ipp.pdf Graphic file (type pdf)
<use Figures/logo-tp-ipp.pdf>
Package pdftex.def Info: Figures/logo-tp-ipp.pdf  used on input line 898.
(pdftex.def)             Requested size: 28.5768pt x 44.10141pt.
[76

]

File: Figures/logo-tp-ipp.pdf Graphic file (type pdf)
<use Figures/logo-tp-ipp.pdf>
Package pdftex.def Info: Figures/logo-tp-ipp.pdf  used on input line 898.
(pdftex.def)             Requested size: 28.5768pt x 44.10141pt.
[77

]
File: Figures/logo-tp-ipp.pdf Graphic file (type pdf)
<use Figures/logo-tp-ipp.pdf>
Package pdftex.def Info: Figures/logo-tp-ipp.pdf  used on input line 908.
(pdftex.def)             Requested size: 28.5768pt x 44.10141pt.
<Tikz/trainingDQN.pdf, id=640, 494.0287pt x 152.66335pt>
File: Tikz/trainingDQN.pdf Graphic file (type pdf)
<use Tikz/trainingDQN.pdf>
Package pdftex.def Info: Tikz/trainingDQN.pdf  used on input line 908.
(pdftex.def)             Requested size: 390.13298pt x 120.56311pt.


File: Figures/logo-tp-ipp.pdf Graphic file (type pdf)
<use Figures/logo-tp-ipp.pdf>
Package pdftex.def Info: Figures/logo-tp-ipp.pdf  used on input line 908.
(pdftex.def)             Requested size: 28.5768pt x 44.10141pt.
[78

 <./Tikz/trainingDQN.pdf>]
File: Figures/logo-tp-ipp.pdf Graphic file (type pdf)
<use Figures/logo-tp-ipp.pdf>
Package pdftex.def Info: Figures/logo-tp-ipp.pdf  used on input line 926.
(pdftex.def)             Requested size: 28.5768pt x 44.10141pt.


File: Figures/logo-tp-ipp.pdf Graphic file (type pdf)
<use Figures/logo-tp-ipp.pdf>
Package pdftex.def Info: Figures/logo-tp-ipp.pdf  used on input line 926.
(pdftex.def)             Requested size: 28.5768pt x 44.10141pt.
[79

]
File: Figures/logo-tp-ipp.pdf Graphic file (type pdf)
<use Figures/logo-tp-ipp.pdf>
Package pdftex.def Info: Figures/logo-tp-ipp.pdf  used on input line 960.
(pdftex.def)             Requested size: 28.5768pt x 44.10141pt.
<Figures/8_codewords_plot.pdf, id=692, 675.09312pt x 188.57451pt>
File: Figures/8_codewords_plot.pdf Graphic file (type pdf)
<use Figures/8_codewords_plot.pdf>
Package pdftex.def Info: Figures/8_codewords_plot.pdf  used on input line 960.
(pdftex.def)             Requested size: 433.48404pt x 121.0901pt.


File: Figures/logo-tp-ipp.pdf Graphic file (type pdf)
<use Figures/logo-tp-ipp.pdf>
Package pdftex.def Info: Figures/logo-tp-ipp.pdf  used on input line 960.
(pdftex.def)             Requested size: 28.5768pt x 44.10141pt.
[80

 <./Figures/8_codewords_plot.pdf>]
File: Figures/8_codewords_plot.pdf Graphic file (type pdf)
<use Figures/8_codewords_plot.pdf>
Package pdftex.def Info: Figures/8_codewords_plot.pdf  used on input line 960.
(pdftex.def)             Requested size: 433.48404pt x 121.0901pt.


File: Figures/logo-tp-ipp.pdf Graphic file (type pdf)
<use Figures/logo-tp-ipp.pdf>
Package pdftex.def Info: Figures/logo-tp-ipp.pdf  used on input line 960.
(pdftex.def)             Requested size: 28.5768pt x 44.10141pt.
[81

]
File: Figures/logo-tp-ipp.pdf Graphic file (type pdf)
<use Figures/logo-tp-ipp.pdf>
Package pdftex.def Info: Figures/logo-tp-ipp.pdf  used on input line 978.
(pdftex.def)             Requested size: 28.5768pt x 44.10141pt.
<Figures/16_codewords_plot.pdf, id=770, 675.09312pt x 188.57451pt>
File: Figures/16_codewords_plot.pdf Graphic file (type pdf)
<use Figures/16_codewords_plot.pdf>
Package pdftex.def Info: Figures/16_codewords_plot.pdf  used on input line 978.
(pdftex.def)             Requested size: 433.48404pt x 121.0901pt.


File: Figures/logo-tp-ipp.pdf Graphic file (type pdf)
<use Figures/logo-tp-ipp.pdf>
Package pdftex.def Info: Figures/logo-tp-ipp.pdf  used on input line 978.
(pdftex.def)             Requested size: 28.5768pt x 44.10141pt.
[82

 <./Figures/16_codewords_plot.pdf>]
File: Figures/16_codewords_plot.pdf Graphic file (type pdf)
<use Figures/16_codewords_plot.pdf>
Package pdftex.def Info: Figures/16_codewords_plot.pdf  used on input line 978.
(pdftex.def)             Requested size: 433.48404pt x 121.0901pt.


File: Figures/logo-tp-ipp.pdf Graphic file (type pdf)
<use Figures/logo-tp-ipp.pdf>
Package pdftex.def Info: Figures/logo-tp-ipp.pdf  used on input line 978.
(pdftex.def)             Requested size: 28.5768pt x 44.10141pt.
[83

]
File: Figures/logo-tp-ipp.pdf Graphic file (type pdf)
<use Figures/logo-tp-ipp.pdf>
Package pdftex.def Info: Figures/logo-tp-ipp.pdf  used on input line 1003.
(pdftex.def)             Requested size: 28.5768pt x 44.10141pt.
<Tikz/ris_unit_cell_array.pdf, id=827, 159.60027pt x 128.00221pt>
File: Tikz/ris_unit_cell_array.pdf Graphic file (type pdf)
<use Tikz/ris_unit_cell_array.pdf>
Package pdftex.def Info: Tikz/ris_unit_cell_array.pdf  used on input line 1003.
(pdftex.def)             Requested size: 214.14217pt x 171.75058pt.


File: Figures/logo-tp-ipp.pdf Graphic file (type pdf)
<use Figures/logo-tp-ipp.pdf>
Package pdftex.def Info: Figures/logo-tp-ipp.pdf  used on input line 1003.
(pdftex.def)             Requested size: 28.5768pt x 44.10141pt.
[84

 <./Tikz/ris_unit_cell_array.pdf>]
File: Figures/logo-tp-ipp.pdf Graphic file (type pdf)
<use Figures/logo-tp-ipp.pdf>
Package pdftex.def Info: Figures/logo-tp-ipp.pdf  used on input line 1030.
(pdftex.def)             Requested size: 28.5768pt x 44.10141pt.
<Tikz/ris_geometry.pdf, id=859, 354.43517pt x 277.5188pt>
File: Tikz/ris_geometry.pdf Graphic file (type pdf)
<use Tikz/ris_geometry.pdf>
Package pdftex.def Info: Tikz/ris_geometry.pdf  used on input line 1030.
(pdftex.def)             Requested size: 247.25684pt x 193.60547pt.


File: Figures/logo-tp-ipp.pdf Graphic file (type pdf)
<use Figures/logo-tp-ipp.pdf>
Package pdftex.def Info: Figures/logo-tp-ipp.pdf  used on input line 1030.
(pdftex.def)             Requested size: 28.5768pt x 44.10141pt.
[85

 <./Tikz/ris_geometry.pdf>]
File: Figures/logo-tp-ipp.pdf Graphic file (type pdf)
<use Figures/logo-tp-ipp.pdf>
Package pdftex.def Info: Figures/logo-tp-ipp.pdf  used on input line 1070.
(pdftex.def)             Requested size: 28.5768pt x 44.10141pt.
<Tikz/compute_paths_pipeline.pdf, id=896, 528.17627pt x 88.26175pt>
File: Tikz/compute_paths_pipeline.pdf Graphic file (type pdf)
<use Tikz/compute_paths_pipeline.pdf>
Package pdftex.def Info: Tikz/compute_paths_pipeline.pdf  used on input line 1070.
(pdftex.def)             Requested size: 303.4375pt x 50.707pt.

Overfull \vbox (6.65549pt too high) detected at line 1070
 []



File: Figures/logo-tp-ipp.pdf Graphic file (type pdf)
<use Figures/logo-tp-ipp.pdf>
Package pdftex.def Info: Figures/logo-tp-ipp.pdf  used on input line 1070.
(pdftex.def)             Requested size: 28.5768pt x 44.10141pt.
[86

 <./Tikz/compute_paths_pipeline.pdf>]
File: Tikz/compute_paths_pipeline.pdf Graphic file (type pdf)
<use Tikz/compute_paths_pipeline.pdf>
Package pdftex.def Info: Tikz/compute_paths_pipeline.pdf  used on input line 1070.
(pdftex.def)             Requested size: 303.4375pt x 50.707pt.

Overfull \vbox (6.65549pt too high) detected at line 1070
 []



File: Figures/logo-tp-ipp.pdf Graphic file (type pdf)
<use Figures/logo-tp-ipp.pdf>
Package pdftex.def Info: Figures/logo-tp-ipp.pdf  used on input line 1070.
(pdftex.def)             Requested size: 28.5768pt x 44.10141pt.
[87

]
File: Figures/logo-tp-ipp.pdf Graphic file (type pdf)
<use Figures/logo-tp-ipp.pdf>
Package pdftex.def Info: Figures/logo-tp-ipp.pdf  used on input line 1081.
(pdftex.def)             Requested size: 28.5768pt x 44.10141pt.


File: Figures/logo-tp-ipp.pdf Graphic file (type pdf)
<use Figures/logo-tp-ipp.pdf>
Package pdftex.def Info: Figures/logo-tp-ipp.pdf  used on input line 1081.
(pdftex.def)             Requested size: 28.5768pt x 44.10141pt.
[88

]

File: Figures/logo-tp-ipp.pdf Graphic file (type pdf)
<use Figures/logo-tp-ipp.pdf>
Package pdftex.def Info: Figures/logo-tp-ipp.pdf  used on input line 1081.
(pdftex.def)             Requested size: 28.5768pt x 44.10141pt.
[89

]
File: Figures/logo-tp-ipp.pdf Graphic file (type pdf)
<use Figures/logo-tp-ipp.pdf>
Package pdftex.def Info: Figures/logo-tp-ipp.pdf  used on input line 1092.
(pdftex.def)             Requested size: 28.5768pt x 44.10141pt.
<Figures/Plot_BER_N_T_1_N_R_64_with_ZF.png, id=949, 441.5697pt x 312.9291pt>
File: Figures/Plot_BER_N_T_1_N_R_64_with_ZF.png Graphic file (type png)
<use Figures/Plot_BER_N_T_1_N_R_64_with_ZF.png>
Package pdftex.def Info: Figures/Plot_BER_N_T_1_N_R_64_with_ZF.png  used on input line 1092.
(pdftex.def)             Requested size: 225.41354pt x 159.7445pt.


File: Figures/logo-tp-ipp.pdf Graphic file (type pdf)
<use Figures/logo-tp-ipp.pdf>
Package pdftex.def Info: Figures/logo-tp-ipp.pdf  used on input line 1092.
(pdftex.def)             Requested size: 28.5768pt x 44.10141pt.
[90

 <./Figures/Plot_BER_N_T_1_N_R_64_with_ZF.png>]
File: Figures/logo-tp-ipp.pdf Graphic file (type pdf)
<use Figures/logo-tp-ipp.pdf>
Package pdftex.def Info: Figures/logo-tp-ipp.pdf  used on input line 1113.
(pdftex.def)             Requested size: 28.5768pt x 44.10141pt.
<Figures/BER_NT1_NR64_ZF_M[4, 16, 64]_RIS_modetx.png, id=958, 367.3725pt x 264.38776pt>
File: Figures/BER_NT1_NR64_ZF_M[4, 16, 64]_RIS_modetx.png Graphic file (type png)
<use Figures/BER_NT1_NR64_ZF_M[4, 16, 64]_RIS_modetx.png>
Package pdftex.def Info: Figures/BER_NT1_NR64_ZF_M[4, 16, 64]_RIS_modetx.png  used on input line 1113.
(pdftex.def)             Requested size: 238.41754pt x 171.58777pt.


File: Figures/logo-tp-ipp.pdf Graphic file (type pdf)
<use Figures/logo-tp-ipp.pdf>
Package pdftex.def Info: Figures/logo-tp-ipp.pdf  used on input line 1113.
(pdftex.def)             Requested size: 28.5768pt x 44.10141pt.
[91

 <./Figures/BER_NT1_NR64_ZF_M[4, 16, 64]_RIS_modetx.png>]
File: Figures/logo-tp-ipp.pdf Graphic file (type pdf)
<use Figures/logo-tp-ipp.pdf>
Package pdftex.def Info: Figures/logo-tp-ipp.pdf  used on input line 1125.
(pdftex.def)             Requested size: 28.5768pt x 44.10141pt.
 (./main.bbl)

File: Figures/logo-tp-ipp.pdf Graphic file (type pdf)
<use Figures/logo-tp-ipp.pdf>
Package pdftex.def Info: Figures/logo-tp-ipp.pdf  used on input line 1125.
(pdftex.def)             Requested size: 28.5768pt x 44.10141pt.
[92

 <c:/texlive/2024/texmf-dist/tex/latex/beamer/beamericonarticle.pdf>]
File: Figures/logo-tp-ipp.pdf Graphic file (type pdf)
<use Figures/logo-tp-ipp.pdf>
Package pdftex.def Info: Figures/logo-tp-ipp.pdf  used on input line 1144.
(pdftex.def)             Requested size: 28.5768pt x 44.10141pt.


File: Figures/logo-tp-ipp.pdf Graphic file (type pdf)
<use Figures/logo-tp-ipp.pdf>
Package pdftex.def Info: Figures/logo-tp-ipp.pdf  used on input line 1144.
(pdftex.def)             Requested size: 28.5768pt x 44.10141pt.
[93

]

File: Figures/logo-tp-ipp.pdf Graphic file (type pdf)
<use Figures/logo-tp-ipp.pdf>
Package pdftex.def Info: Figures/logo-tp-ipp.pdf  used on input line 1144.
(pdftex.def)             Requested size: 28.5768pt x 44.10141pt.
[94

]
File: Figures/logo-tp-ipp.pdf Graphic file (type pdf)
<use Figures/logo-tp-ipp.pdf>
Package pdftex.def Info: Figures/logo-tp-ipp.pdf  used on input line 1153.
(pdftex.def)             Requested size: 28.5768pt x 44.10141pt.
File: Figures/tp.pdf Graphic file (type pdf)
<use Figures/tp.pdf>
Package pdftex.def Info: Figures/tp.pdf  used on input line 1153.
(pdftex.def)             Requested size: 34.14232pt x 34.1433pt.


File: Figures/logo-tp-ipp.pdf Graphic file (type pdf)
<use Figures/logo-tp-ipp.pdf>
Package pdftex.def Info: Figures/logo-tp-ipp.pdf  used on input line 1153.
(pdftex.def)             Requested size: 28.5768pt x 44.10141pt.
[95

]
File: Figures/logo-tp-ipp.pdf Graphic file (type pdf)
<use Figures/logo-tp-ipp.pdf>
Package pdftex.def Info: Figures/logo-tp-ipp.pdf  used on input line 1167.
(pdftex.def)             Requested size: 28.5768pt x 44.10141pt.


File: Figures/logo-tp-ipp.pdf Graphic file (type pdf)
<use Figures/logo-tp-ipp.pdf>
Package pdftex.def Info: Figures/logo-tp-ipp.pdf  used on input line 1167.
(pdftex.def)             Requested size: 28.5768pt x 44.10141pt.
[96

]
File: Figures/logo-tp-ipp.pdf Graphic file (type pdf)
<use Figures/logo-tp-ipp.pdf>
Package pdftex.def Info: Figures/logo-tp-ipp.pdf  used on input line 1175.
(pdftex.def)             Requested size: 28.5768pt x 44.10141pt.
<Figures/Tree_short.pdf, id=1009, 351.88664pt x 206.73134pt>
File: Figures/Tree_short.pdf Graphic file (type pdf)
<use Figures/Tree_short.pdf>
Package pdftex.def Info: Figures/Tree_short.pdf  used on input line 1175.
(pdftex.def)             Requested size: 303.4375pt x 178.27126pt.


File: Figures/logo-tp-ipp.pdf Graphic file (type pdf)
<use Figures/logo-tp-ipp.pdf>
Package pdftex.def Info: Figures/logo-tp-ipp.pdf  used on input line 1175.
(pdftex.def)             Requested size: 28.5768pt x 44.10141pt.
[97

 <./Figures/Tree_short.pdf>]
File: Figures/logo-tp-ipp.pdf Graphic file (type pdf)
<use Figures/logo-tp-ipp.pdf>
Package pdftex.def Info: Figures/logo-tp-ipp.pdf  used on input line 1183.
(pdftex.def)             Requested size: 28.5768pt x 44.10141pt.
<Figures/avg_len_path_delta.pdf, id=1050, 252.945pt x 195.73125pt>
File: Figures/avg_len_path_delta.pdf Graphic file (type pdf)
<use Figures/avg_len_path_delta.pdf>
Package pdftex.def Info: Figures/avg_len_path_delta.pdf  used on input line 1183.
(pdftex.def)             Requested size: 260.09306pt x 201.26793pt.


File: Figures/logo-tp-ipp.pdf Graphic file (type pdf)
<use Figures/logo-tp-ipp.pdf>
Package pdftex.def Info: Figures/logo-tp-ipp.pdf  used on input line 1183.
(pdftex.def)             Requested size: 28.5768pt x 44.10141pt.
[98

 <./Figures/avg_len_path_delta.pdf>]
File: Figures/logo-tp-ipp.pdf Graphic file (type pdf)
<use Figures/logo-tp-ipp.pdf>
Package pdftex.def Info: Figures/logo-tp-ipp.pdf  used on input line 1191.
(pdftex.def)             Requested size: 28.5768pt x 44.10141pt.
<Figures/agent_env2.pdf, id=1182, 254.5219pt x 172.72028pt>
File: Figures/agent_env2.pdf Graphic file (type pdf)
<use Figures/agent_env2.pdf>
Package pdftex.def Info: Figures/agent_env2.pdf  used on input line 1191.
(pdftex.def)             Requested size: 260.09306pt x 176.51495pt.


File: Figures/logo-tp-ipp.pdf Graphic file (type pdf)
<use Figures/logo-tp-ipp.pdf>
Package pdftex.def Info: Figures/logo-tp-ipp.pdf  used on input line 1191.
(pdftex.def)             Requested size: 28.5768pt x 44.10141pt.
[99

 <./Figures/agent_env2.pdf>]
File: Figures/logo-tp-ipp.pdf Graphic file (type pdf)
<use Figures/logo-tp-ipp.pdf>
Package pdftex.def Info: Figures/logo-tp-ipp.pdf  used on input line 1201.
(pdftex.def)             Requested size: 28.5768pt x 44.10141pt.
<Figures/Graph.pdf, id=1211, 206.18933pt x 204.8453pt>
File: Figures/Graph.pdf Graphic file (type pdf)
<use Figures/Graph.pdf>
Package pdftex.def Info: Figures/Graph.pdf  used on input line 1201.
(pdftex.def)             Requested size: 173.39096pt x 172.25954pt.


File: Figures/logo-tp-ipp.pdf Graphic file (type pdf)
<use Figures/logo-tp-ipp.pdf>
Package pdftex.def Info: Figures/logo-tp-ipp.pdf  used on input line 1201.
(pdftex.def)             Requested size: 28.5768pt x 44.10141pt.
[100

 <./Figures/Graph.pdf>]
File: Figures/logo-tp-ipp.pdf Graphic file (type pdf)
<use Figures/logo-tp-ipp.pdf>
Package pdftex.def Info: Figures/logo-tp-ipp.pdf  used on input line 1210.
(pdftex.def)             Requested size: 28.5768pt x 44.10141pt.
<Figures/scene_etoile.PNG, id=1248, 466.74374pt x 313.9228pt>
File: Figures/scene_etoile.PNG Graphic file (type png)
<use Figures/scene_etoile.PNG>
Package pdftex.def Info: Figures/scene_etoile.PNG  used on input line 1210.
(pdftex.def)             Requested size: 216.74202pt x 145.7762pt.


File: Figures/logo-tp-ipp.pdf Graphic file (type pdf)
<use Figures/logo-tp-ipp.pdf>
Package pdftex.def Info: Figures/logo-tp-ipp.pdf  used on input line 1210.
(pdftex.def)             Requested size: 28.5768pt x 44.10141pt.
[101

 <./Figures/scene_etoile.PNG>]
File: Figures/logo-tp-ipp.pdf Graphic file (type pdf)
<use Figures/logo-tp-ipp.pdf>
Package pdftex.def Info: Figures/logo-tp-ipp.pdf  used on input line 1237.
(pdftex.def)             Requested size: 28.5768pt x 44.10141pt.
<Figures/scene_visualization_3D.png, id=1257, 279.6849pt x 143.0946pt>
File: Figures/scene_visualization_3D.png Graphic file (type png)
<use Figures/scene_visualization_3D.png>
Package pdftex.def Info: Figures/scene_visualization_3D.png  used on input line 1237.
(pdftex.def)             Requested size: 238.41754pt x 121.98468pt.
LaTeX Font Info:    Font shape `T1/fvs/b/n' will be
(Font)              scaled to size 10.79993pt on input line 1237.


File: Figures/logo-tp-ipp.pdf Graphic file (type pdf)
<use Figures/logo-tp-ipp.pdf>
Package pdftex.def Info: Figures/logo-tp-ipp.pdf  used on input line 1237.
(pdftex.def)             Requested size: 28.5768pt x 44.10141pt.
[102

 <./Figures/scene_visualization_3D.png>]
File: Figures/logo-tp-ipp.pdf Graphic file (type pdf)
<use Figures/logo-tp-ipp.pdf>
Package pdftex.def Info: Figures/logo-tp-ipp.pdf  used on input line 1338.
(pdftex.def)             Requested size: 28.5768pt x 44.10141pt.
<Figures/RIS_fig_sionna.png, id=1266, 247.67531pt x 255.95625pt>
File: Figures/RIS_fig_sionna.png Graphic file (type png)
<use Figures/RIS_fig_sionna.png>
Package pdftex.def Info: Figures/RIS_fig_sionna.png  used on input line 1338.
(pdftex.def)             Requested size: 144.13547pt x 148.95464pt.


LaTeX Font Warning: Command \small invalid in math mode on input line 1338.


LaTeX Font Warning: Command \small invalid in math mode on input line 1338.

LaTeX Font Info:    Font shape `OT1/cmss/b/n' in size <10> not available
(Font)              Font shape `OT1/cmss/bx/n' tried instead on input line 1338.
LaTeX Font Info:    Font shape `OT1/cmss/b/n' in size <7> not available
(Font)              Font shape `OT1/cmss/bx/n' tried instead on input line 1338.

LaTeX Font Warning: Command \small invalid in math mode on input line 1338.



File: Figures/logo-tp-ipp.pdf Graphic file (type pdf)
<use Figures/logo-tp-ipp.pdf>
Package pdftex.def Info: Figures/logo-tp-ipp.pdf  used on input line 1338.
(pdftex.def)             Requested size: 28.5768pt x 44.10141pt.
[103

 <./Figures/RIS_fig_sionna.PNG>]
File: Figures/logo-tp-ipp.pdf Graphic file (type pdf)
<use Figures/logo-tp-ipp.pdf>
Package pdftex.def Info: Figures/logo-tp-ipp.pdf  used on input line 1368.
(pdftex.def)             Requested size: 28.5768pt x 44.10141pt.


File: Figures/logo-tp-ipp.pdf Graphic file (type pdf)
<use Figures/logo-tp-ipp.pdf>
Package pdftex.def Info: Figures/logo-tp-ipp.pdf  used on input line 1368.
(pdftex.def)             Requested size: 28.5768pt x 44.10141pt.
[104

]
\tf@nav=\write6
\openout6 = `main.nav'.

\tf@toc=\write7
\openout7 = `main.toc'.

\tf@snm=\write8
\openout8 = `main.snm'.

 (./main.aux)
 ***********
LaTeX2e <2024-11-01> patch level 1
L3 programming layer <2024-12-25>
 ***********


LaTeX Font Warning: Size substitutions with differences
(Font)              up to 0.5pt have occurred.


LaTeX Font Warning: Some font shapes were not available, defaults substituted.

Package rerunfilecheck Info: File `main.out' has not changed.
(rerunfilecheck)             Checksum: 9D13FEACA5C6769BE61DB1C40FD80423;1298.
 ) 
Here is how much of TeX's memory you used:
 49484 strings out of 473206
 1150272 string characters out of 5720440
 2123826 words of memory out of 5000000
 71562 multiletter control sequences out of 15000+600000
 780511 words of font info for 229 fonts, out of 8000000 for 9000
 1141 hyphenation exceptions out of 8191
 128i,23n,123p,736b,1296s stack positions out of 10000i,1000n,20000p,200000b,200000s

pdfTeX warning (dest): name{Navigation106} has been referenced but does not exist, replaced by a fixed one

<c:/texlive/2024/texmf-dist/fonts/type1/public/dutchcal/DutchCalReg.pfb><c:/texlive/2024/texmf-dist/fonts/type1/public/fontawesome5/FontAwesome5Free-Solid.pfb><c:/texlive/2024/texmf-dist/fonts/type1/public/amsfonts/cm/cmbx10.pfb><c:/texlive/2024/texmf-dist/fonts/type1/public/amsfonts/cm/cmbx6.pfb><c:/texlive/2024/texmf-dist/fonts/type1/public/amsfonts/cm/cmbx8.pfb><c:/texlive/2024/texmf-dist/fonts/type1/public/amsfonts/cm/cmex10.pfb><c:/texlive/2024/texmf-dist/fonts/type1/public/amsfonts/cmextra/cmex9.pfb><c:/texlive/2024/texmf-dist/fonts/type1/public/amsfonts/cm/cmmi10.pfb><c:/texlive/2024/texmf-dist/fonts/type1/public/amsfonts/cm/cmmi5.pfb><c:/texlive/2024/texmf-dist/fonts/type1/public/amsfonts/cm/cmmi6.pfb><c:/texlive/2024/texmf-dist/fonts/type1/public/amsfonts/cm/cmmi7.pfb><c:/texlive/2024/texmf-dist/fonts/type1/public/amsfonts/cm/cmmi8.pfb><c:/texlive/2024/texmf-dist/fonts/type1/public/amsfonts/cm/cmmi9.pfb><c:/texlive/2024/texmf-dist/fonts/type1/public/amsfonts/cm/cmmib10.pfb><c:/texlive/2024/texmf-dist/fonts/type1/public/amsfonts/cm/cmr10.pfb><c:/texlive/2024/texmf-dist/fonts/type1/public/amsfonts/cm/cmr5.pfb><c:/texlive/2024/texmf-dist/fonts/type1/public/amsfonts/cm/cmr6.pfb><c:/texlive/2024/texmf-dist/fonts/type1/public/amsfonts/cm/cmr7.pfb><c:/texlive/2024/texmf-dist/fonts/type1/public/amsfonts/cm/cmr8.pfb><c:/texlive/2024/texmf-dist/fonts/type1/public/amsfonts/cm/cmr9.pfb><c:/texlive/2024/texmf-dist/fonts/type1/public/amsfonts/cm/cmss10.pfb><c:/texlive/2024/texmf-dist/fonts/type1/public/amsfonts/cm/cmss8.pfb><c:/texlive/2024/texmf-dist/fonts/type1/public/amsfonts/cm/cmss9.pfb><c:/texlive/2024/texmf-dist/fonts/type1/public/amsfonts/cm/cmssbx10.pfb><c:/texlive/2024/texmf-dist/fonts/type1/public/amsfonts/cm/cmsy10.pfb><c:/texlive/2024/texmf-dist/fonts/type1/public/amsfonts/cm/cmsy6.pfb><c:/texlive/2024/texmf-dist/fonts/type1/public/amsfonts/cm/cmsy7.pfb><c:/texlive/2024/texmf-dist/fonts/type1/public/amsfonts/cm/cmsy8.pfb><c:/texlive/2024/texmf-dist/fonts/type1/public/amsfonts/cm/cmsy9.pfb><c:/texlive/2024/texmf-dist/fonts/type1/public/bera/fver8a.pfb><c:/texlive/2024/texmf-dist/fonts/type1/public/bera/fvsb8a.pfb><c:/texlive/2024/texmf-dist/fonts/type1/public/bera/fvsr8a.pfb><c:/texlive/2024/texmf-dist/fonts/type1/public/bera/fvsro8a.pfb><c:/texlive/2024/texmf-dist/fonts/type1/public/amsfonts/symbols/msam10.pfb><c:/texlive/2024/texmf-dist/fonts/type1/public/amsfonts/symbols/msbm10.pfb><c:/texlive/2024/texmf-dist/fonts/type1/public/stmaryrd/stmary10.pfb><c:/texlive/2024/texmf-dist/fonts/type1/public/stmaryrd/stmary8.pfb><c:/texlive/2024/texmf-dist/fonts/type1/urw/times/utmr8a.pfb><c:/texlive/2024/texmf-dist/fonts/type1/urw/times/utmri8a.pfb>
Output written on main.pdf (104 pages, 1708459 bytes).
PDF statistics:
 1456 PDF objects out of 1728 (max. 8388607)
 1089 compressed objects within 11 object streams
 222 named destinations out of 1000 (max. 500000)
 313 words of extra memory for PDF output out of 10000 (max. 10000000)

